,formula,ionConv,eleConv,fenergy(ev),nofsA,nofsB,nofsC,H,H_per,ratioA,ratioB,ratioC
0,Ti2 V1 Cu1,TRUE,TRUE,-27.66674894 eV,2,1,1,0.2922302999999995,0.07305757499999987,0.5,0.25,0.25
1,Ti3 V2 Cu1,TRUE,TRUE,-44.64892041 eV,3,2,1,-0.05422876000000132,-0.009038126666666887,0.5,0.3333,0.1667
2,Ti1 V2 Cu1,TRUE,TRUE,-28.95990165 eV,1,2,1,0.25857268000000344,0.06464317000000086,0.25,0.5,0.25
3,Ti4 V1 Cu1,FALSE,TRUE,-43.33214546 eV,4,1,1,0.0030511000000017496,0.0005085166666669583,0.6667,0.1667,0.1667
4,Ti1 V3 Cu2,FALSE,TRUE,-41.0532128 eV,1,3,2,0.7480234500000043,0.12467057500000071,0.1667,0.5,0.3333
5,Ti2 V2 Cu1,TRUE,TRUE,-36.37450493 eV,2,2,1,0.532078060000003,0.1064156120000006,0.4,0.4,0.2
6,Ti2 V2 Cu2,TRUE,TRUE,-39.50182973 eV,2,2,2,1.0399114300000063,0.17331857166666773,0.3333,0.3333,0.3333
7,Ti3 V1 Cu2,TRUE,TRUE,-39.16929242 eV,3,1,2,0.11295365000000235,0.018825608333333726,0.5,0.1667,0.3333
8,Ti3 V1 Cu2,TRUE,TRUE,-39.05846072 eV,3,1,2,0.22378535000000088,0.03729755833333348,0.5,0.1667,0.3333
9,Ti1 V3 Cu2,FALSE,TRUE,-41.35394186 eV,1,3,2,0.4472943900000024,0.0745490650000004,0.1667,0.5,0.3333
10,Ti3 V2 Cu1,TRUE,TRUE,-44.41516068 eV,3,2,1,0.1795309700000014,0.029921828333333567,0.5,0.3333,0.1667
11,Ti1 V1 Cu2,TRUE,TRUE,-23.54368377 eV,1,1,2,0.3623449800000005,0.09058624500000012,0.25,0.25,0.5
12,Ti1 V1 Cu4,TRUE,TRUE,-30.42816232 eV,1,1,4,0.7481827700000032,0.12469712833333386,0.1667,0.1667,0.6667
13,Ti2 V1 Cu3,FALSE,TRUE,-34.94619527 eV,2,1,3,0.28310031000000535,0.04718338500000089,0.3333,0.1667,0.5
14,Ti1 V2 Cu2,TRUE,TRUE,-32.67142493 eV,1,2,2,0.18220757000000187,0.036441514000000376,0.2,0.4,0.4
15,Ti2 V2 Cu2,TRUE,TRUE,-40.41044502 eV,2,2,2,0.1312961400000061,0.02188269000000102,0.3333,0.3333,0.3333
16,Ti3 V2 Cu1,TRUE,TRUE,-44.53838244 eV,3,2,1,0.05630921000000155,0.009384868333333593,0.5,0.3333,0.1667
17,Ti2 V2 Cu2,FALSE,TRUE,-40.57244861 eV,2,2,2,-0.030707449999998637,-0.005117908333333106,0.3333,0.3333,0.3333
18,Ti3 V2 Cu1,TRUE,TRUE,-44.14306997 eV,3,2,1,0.4516216800000019,0.07527028000000031,0.5,0.3333,0.1667
19,Ti2 V2 Cu2,TRUE,TRUE,-40.53636577 eV,2,2,2,0.005375390000000202,0.000895898333333367,0.3333,0.3333,0.3333
20,Ti1 V1 Cu4,FALSE,TRUE,-30.96573501 eV,1,1,4,0.21061008000000214,0.03510168000000036,0.1667,0.1667,0.6667
21,Ti1 V2 Cu3,TRUE,TRUE,-35.97971281 eV,1,2,3,0.5090778599999997,0.08484630999999994,0.1667,0.3333,0.5
22,Ti2 V1 Cu2,TRUE,TRUE,-31.1235825 eV,2,1,2,0.4705549099999997,0.09411098199999994,0.4,0.2,0.4
23,Ti1 V1 Cu4,FALSE,TRUE,-30.93514484 eV,1,1,4,0.24120025000000211,0.04020004166666702,0.1667,0.1667,0.6667
24,Ti1 V2 Cu3,FALSE,TRUE,-36.16398565 eV,1,2,3,0.3248050200000012,0.054134170000000204,0.1667,0.3333,0.5
25,Ti3 V2 Cu1,TRUE,TRUE,-44.60698606 eV,3,2,1,-0.012294409999995981,-0.0020490683333326634,0.5,0.3333,0.1667
26,Ti1 V2 Cu3,TRUE,TRUE,-36.68049637 eV,1,2,3,-0.1917056999999982,-0.0319509499999997,0.1667,0.3333,0.5
27,Ti1 V1 Cu1,TRUE,TRUE,-20.12081199 eV,1,1,1,0.15005859000000177,0.05001953000000059,0.3333,0.3333,0.3333
28,Ti2 V3 Cu1,TRUE,TRUE,-46.02884808 eV,2,3,1,-0.174661339999997,-0.029110223333332835,0.3333,0.5,0.1667
29,Ti2 V1 Cu3,FALSE,TRUE,-34.89495762 eV,2,1,3,0.3343379600000027,0.05572299333333378,0.3333,0.1667,0.5
30,Ti2 V3 Cu1,TRUE,TRUE,-45.81856115 eV,2,3,1,0.035625590000005314,0.005937598333334219,0.3333,0.5,0.1667
31,Ti2 V1 Cu3,TRUE,TRUE,-34.89271302 eV,2,1,3,0.3365825600000001,0.05609709333333335,0.3333,0.1667,0.5
32,Ti2 V2 Cu2,FALSE,TRUE,-40.32367252 eV,2,2,2,0.21806864000000115,0.036344773333333524,0.3333,0.3333,0.3333
33,Ti1 V3 Cu2,TRUE,TRUE,-41.80927305 eV,1,3,2,-0.008036800000000177,-0.0013394666666666961,0.1667,0.5,0.3333
34,Ti2 V2 Cu2,TRUE,TRUE,-39.85225354 eV,2,2,2,0.689487620000004,0.11491460333333399,0.3333,0.3333,0.3333
35,Ti2 V3 Cu1,TRUE,TRUE,-45.92149703 eV,2,3,1,-0.06731028999999156,-0.011218381666665259,0.3333,0.5,0.1667
36,Ti1 V3 Cu2,TRUE,TRUE,-41.52792205 eV,1,3,2,0.2733142000000006,0.04555236666666677,0.1667,0.5,0.3333
37,Ti2 V2 Cu2,TRUE,TRUE,-40.07154951 eV,2,2,2,0.4701916500000065,0.07836527500000108,0.3333,0.3333,0.3333
38,Ti2 V2 Cu2,TRUE,TRUE,-40.28711341 eV,2,2,2,0.25462775000000004,0.04243795833333334,0.3333,0.3333,0.3333
39,Ti2 V2 Cu1,TRUE,TRUE,-36.62270255 eV,2,2,1,0.2838804400000039,0.05677608800000078,0.4,0.4,0.2
40,Ti1 V4 Cu1,TRUE,TRUE,-46.84802301 eV,1,4,1,0.26565882000000185,0.04427647000000031,0.1667,0.6667,0.1667
41,Ti2 V3 Cu1,TRUE,TRUE,-45.32260161 eV,2,3,1,0.5315851300000065,0.08859752166666775,0.3333,0.5,0.1667
42,Ti1 V2 Cu1,TRUE,TRUE,-28.88151209 eV,1,2,1,0.3369622400000014,0.08424056000000035,0.25,0.5,0.25
43,Ti1 V2 Cu3,TRUE,TRUE,-36.02349652 eV,1,2,3,0.4652941500000001,0.07754902500000001,0.1667,0.3333,0.5
44,Ti2 V1 Cu3,FALSE,TRUE,-34.73655279 eV,2,1,3,0.49274279000000476,0.08212379833333412,0.3333,0.1667,0.5
45,Ti2 V1 Cu3,TRUE,TRUE,-34.85869568 eV,2,1,3,0.37059990000000553,0.06176665000000092,0.3333,0.1667,0.5
46,Ti3 V1 Cu2,TRUE,TRUE,-39.23202798 eV,3,1,2,0.05021809000000221,0.008369681666667036,0.5,0.1667,0.3333
47,Ti2 V1 Cu3,TRUE,TRUE,-34.95605641 eV,2,1,3,0.2732391700000001,0.04553986166666668,0.3333,0.1667,0.5
48,Ti1 V2 Cu1,TRUE,TRUE,-28.92774566 eV,1,2,1,0.29072867000000313,0.07268216750000078,0.25,0.5,0.25
49,Ti1 V3 Cu2,TRUE,TRUE,-40.7232961 eV,1,3,2,1.0779401500000025,0.1796566916666671,0.1667,0.5,0.3333
50,Ti2 V1 Cu3,TRUE,TRUE,-34.74855377 eV,2,1,3,0.4807418100000014,0.08012363500000023,0.3333,0.1667,0.5
51,Ti3 V1 Cu2,TRUE,TRUE,-38.9869585 eV,3,1,2,0.29528757000000017,0.04921459500000003,0.5,0.1667,0.3333
52,Ti1 V2 Cu1,TRUE,TRUE,-28.86622272 eV,1,2,1,0.3522516100000028,0.0880629025000007,0.25,0.5,0.25
53,Ti3 V2 Cu1,TRUE,TRUE,-44.54702513 eV,3,2,1,0.04766651999999949,0.007944419999999916,0.5,0.3333,0.1667
54,Ti2 V2 Cu2,TRUE,TRUE,-40.37689381 eV,2,2,2,0.16484735000000494,0.02747455833333416,0.3333,0.3333,0.3333
55,Ti1 V1 Cu4,FALSE,TRUE,-31.0451426 eV,1,1,4,0.13120249000000328,0.021867081666667215,0.1667,0.1667,0.6667
56,Ti1 V2 Cu2,TRUE,TRUE,-32.50456899 eV,1,2,2,0.3490635099999997,0.06981270199999993,0.2,0.4,0.4
57,Ti2 V1 Cu3,TRUE,TRUE,-35.02753696 eV,2,1,3,0.20175862000000322,0.0336264366666672,0.3333,0.1667,0.5
58,Ti3 V2 Cu1,TRUE,TRUE,-44.08087781 eV,3,2,1,0.5138138400000041,0.08563564000000068,0.5,0.3333,0.1667
59,Ti1 V1 Cu1,TRUE,TRUE,-19.7287588 eV,1,1,1,0.5421117800000004,0.1807039266666668,0.3333,0.3333,0.3333
60,Ti1 V3 Cu2,TRUE,TRUE,-41.19573139 eV,1,3,2,0.6055048600000026,0.1009174766666671,0.1667,0.5,0.3333
61,Ti2 V1 Cu3,TRUE,TRUE,-35.12553339 eV,2,1,3,0.1037621900000012,0.017293698333333534,0.3333,0.1667,0.5
62,Ti3 V1 Cu2,FALSE,TRUE,-39.2182873 eV,3,1,2,0.06395877000000016,0.010659795000000027,0.5,0.1667,0.3333
63,Ti2 V3 Cu1,TRUE,TRUE,-45.93877878 eV,2,3,1,-0.08459203999999376,-0.014098673333332293,0.3333,0.5,0.1667
64,Ti2 V2 Cu2,FALSE,TRUE,-40.33446211 eV,2,2,2,0.20727905000000657,0.034546508333334426,0.3333,0.3333,0.3333
65,Ti3 V1 Cu2,TRUE,TRUE,-39.02352207 eV,3,1,2,0.25872400000000173,0.04312066666666695,0.5,0.1667,0.3333
66,Ti1 V3 Cu2,TRUE,TRUE,-41.31186407 eV,1,3,2,0.4893721800000028,0.08156203000000047,0.1667,0.5,0.3333
67,Ti1 V2 Cu3,TRUE,TRUE,-36.01178576 eV,1,2,3,0.4770049099999998,0.07950081833333329,0.1667,0.3333,0.5
68,Ti2 V2 Cu2,TRUE,TRUE,-39.99932748 eV,2,2,2,0.5424136800000054,0.0904022800000009,0.3333,0.3333,0.3333
69,Ti3 V1 Cu2,TRUE,TRUE,-39.44080509 eV,3,1,2,-0.15855901999999755,-0.026426503333332924,0.5,0.1667,0.3333
70,Ti2 V2 Cu2,FALSE,TRUE,-40.19829517 eV,2,2,2,0.343445990000002,0.05724099833333366,0.3333,0.3333,0.3333
71,Ti3 V2 Cu1,TRUE,TRUE,-44.31442141 eV,3,2,1,0.28027023999999967,0.04671170666666661,0.5,0.3333,0.1667
72,Ti1 V1 Cu4,TRUE,TRUE,-30.80750304 eV,1,1,4,0.36884205000000136,0.06147367500000023,0.1667,0.1667,0.6667
73,Ti2 V1 Cu3,TRUE,TRUE,-34.72639286 eV,2,1,3,0.5029027200000051,0.08381712000000086,0.3333,0.1667,0.5
74,Ti2 V3 Cu1,TRUE,TRUE,-45.32968731 eV,2,3,1,0.524499430000009,0.08741657166666816,0.3333,0.5,0.1667
75,Ti2 V2 Cu2,TRUE,TRUE,-40.82054868 eV,2,2,2,-0.2788075199999982,-0.0464679199999997,0.3333,0.3333,0.3333
76,Ti1 V3 Cu2,TRUE,TRUE,-41.44294349 eV,1,3,2,0.3582927600000039,0.05971546000000064,0.1667,0.5,0.3333
77,Ti2 V2 Cu2,TRUE,TRUE,-40.65985772 eV,2,2,2,-0.11811655999999449,-0.019686093333332415,0.3333,0.3333,0.3333
78,Ti1 V4 Cu1,TRUE,TRUE,-46.59947928 eV,1,4,1,0.5142025500000034,0.08570042500000057,0.1667,0.6667,0.1667
79,Ti2 V1 Cu3,FALSE,TRUE,-34.9945919 eV,2,1,3,0.23470367999999908,0.039117279999999845,0.3333,0.1667,0.5
80,Ti2 V2 Cu1,TRUE,TRUE,-36.89641206 eV,2,2,1,0.010170930000000578,0.0020341860000001157,0.4,0.4,0.2
81,Ti2 V2 Cu2,TRUE,TRUE,-40.27709843 eV,2,2,2,0.26464273000000116,0.04410712166666686,0.3333,0.3333,0.3333
82,Ti2 V2 Cu2,FALSE,TRUE,-40.33383508 eV,2,2,2,0.20790608000000343,0.034651013333333903,0.3333,0.3333,0.3333
83,Ti3 V2 Cu1,FALSE,TRUE,-44.34737098 eV,3,2,1,0.24732067000000013,0.04122011166666669,0.5,0.3333,0.1667
84,Ti1 V2 Cu3,TRUE,TRUE,-35.7905419 eV,1,2,3,0.6982487700000011,0.11637479500000018,0.1667,0.3333,0.5
85,Ti1 V2 Cu3,FALSE,TRUE,-35.7795076 eV,1,2,3,0.7092830699999997,0.11821384499999994,0.1667,0.3333,0.5
86,Ti1 V4 Cu1,TRUE,TRUE,-47.06838299 eV,1,4,1,0.045298839999996954,0.007549806666666159,0.1667,0.6667,0.1667
87,Ti1 V2 Cu3,FALSE,TRUE,-36.08743872 eV,1,2,3,0.40135195000000046,0.06689199166666675,0.1667,0.3333,0.5
88,Ti1 V1 Cu2,TRUE,TRUE,-23.77547351 eV,1,1,2,0.13055524000000052,0.03263881000000013,0.25,0.25,0.5
89,Ti2 V2 Cu2,TRUE,TRUE,-40.0904917 eV,2,2,2,0.4512494600000023,0.07520824333333372,0.3333,0.3333,0.3333
90,Ti2 V1 Cu3,TRUE,TRUE,-35.16632809 eV,2,1,3,0.0629674900000019,0.010494581666666983,0.3333,0.1667,0.5
91,Ti2 V2 Cu2,TRUE,TRUE,-40.44340397 eV,2,2,2,0.09833719000000496,0.016389531666667494,0.3333,0.3333,0.3333
92,Ti1 V3 Cu2,TRUE,TRUE,-41.42784326 eV,1,3,2,0.37339298999999837,0.06223216499999973,0.1667,0.5,0.3333
93,Ti2 V3 Cu1,TRUE,TRUE,-45.53271242 eV,2,3,1,0.3214743200000032,0.05357905333333387,0.3333,0.5,0.1667
94,Ti2 V3 Cu1,FALSE,TRUE,-45.27268926 eV,2,3,1,0.5814974800000061,0.09691624666666769,0.3333,0.5,0.1667
95,Ti2 V2 Cu1,TRUE,TRUE,-36.7235917 eV,2,2,1,0.18299129000000347,0.036598258000000695,0.4,0.4,0.2
96,Ti1 V1 Cu2,TRUE,TRUE,-23.70695905 eV,1,1,2,0.19906970000000346,0.049767425000000864,0.25,0.25,0.5
97,Ti2 V1 Cu3,TRUE,TRUE,-35.15714836 eV,2,1,3,0.07214722000000151,0.012024536666666918,0.3333,0.1667,0.5
98,Ti2 V1 Cu3,TRUE,TRUE,-35.08473729 eV,2,1,3,0.14455829000000264,0.024093048333333773,0.3333,0.1667,0.5
99,Ti2 V2 Cu2,TRUE,TRUE,-40.45324483 eV,2,2,2,0.08849633000000079,0.014749388333333465,0.3333,0.3333,0.3333
100,Ti2 V1 Cu3,TRUE,TRUE,-35.05357763 eV,2,1,3,0.1757179500000028,0.029286325000000463,0.3333,0.1667,0.5
101,Ti1 V2 Cu3,TRUE,TRUE,-35.98221219 eV,1,2,3,0.5065784800000035,0.08442974666666725,0.1667,0.3333,0.5
102,Ti2 V2 Cu1,TRUE,TRUE,-36.92232339 eV,2,2,1,-0.01574039999999899,-0.0031480799999997976,0.4,0.4,0.2
103,Ti2 V3 Cu1,TRUE,TRUE,-45.42519639 eV,2,3,1,0.4289903500000025,0.07149839166666709,0.3333,0.5,0.1667
104,Ti2 V1 Cu3,TRUE,TRUE,-34.8113532 eV,2,1,3,0.41794238000000306,0.06965706333333384,0.3333,0.1667,0.5
105,Ti3 V2 Cu1,FALSE,TRUE,-44.30835792 eV,3,2,1,0.2863337300000022,0.047722288333333696,0.5,0.3333,0.1667
106,Ti3 V2 Cu1,TRUE,TRUE,-44.19627978 eV,3,2,1,0.39841187000000344,0.0664019783333339,0.5,0.3333,0.1667
107,Ti3 V1 Cu2,FALSE,TRUE,-39.03724025 eV,3,1,2,0.2450058199999967,0.04083430333333279,0.5,0.1667,0.3333
108,Ti2 V3 Cu1,FALSE,TRUE,-45.73681229 eV,2,3,1,0.1173744500000029,0.01956240833333382,0.3333,0.5,0.1667
109,Ti1 V2 Cu3,TRUE,TRUE,-35.9392647 eV,1,2,3,0.5495259699999995,0.09158766166666658,0.1667,0.3333,0.5
110,Ti3 V2 Cu1,TRUE,TRUE,-44.36765994 eV,3,2,1,0.2270317099999981,0.03783861833333302,0.5,0.3333,0.1667
111,Ti3 V2 Cu1,TRUE,TRUE,-44.12026816 eV,3,2,1,0.47442348999999906,0.07907058166666651,0.5,0.3333,0.1667
112,Ti1 V3 Cu2,FALSE,TRUE,-41.5018253 eV,1,3,2,0.2994109500000013,0.04990182500000021,0.1667,0.5,0.3333
113,Ti2 V2 Cu1,TRUE,TRUE,-36.66996324 eV,2,2,1,0.23661975000000224,0.04732395000000045,0.4,0.4,0.2
114,Ti2 V2 Cu2,TRUE,TRUE,-39.55319807 eV,2,2,2,0.988543090000003,0.16475718166666717,0.3333,0.3333,0.3333
115,Ti1 V2 Cu3,TRUE,TRUE,-35.78717096 eV,1,2,3,0.7016197100000046,0.11693661833333409,0.1667,0.3333,0.5
116,Ti2 V1 Cu3,TRUE,TRUE,-34.64965193 eV,2,1,3,0.5796436500000048,0.09660727500000081,0.3333,0.1667,0.5
117,Ti2 V1 Cu3,FALSE,TRUE,-35.2574139 eV,2,1,3,-0.028118320000000807,-0.0046863866666668015,0.3333,0.1667,0.5
118,Ti2 V1 Cu2,TRUE,TRUE,-31.06052858 eV,2,1,2,0.5336088300000013,0.10672176600000025,0.4,0.2,0.4
119,Ti1 V4 Cu1,TRUE,TRUE,-46.70136312 eV,1,4,1,0.412318709999997,0.06871978499999949,0.1667,0.6667,0.1667
120,Ti1 V3 Cu2,TRUE,TRUE,-41.32926747 eV,1,3,2,0.47196878000000364,0.07866146333333394,0.1667,0.5,0.3333
121,Ti3 V1 Cu2,TRUE,TRUE,-39.30589865 eV,3,1,2,-0.02365258000000292,-0.003942096666667154,0.5,0.1667,0.3333
122,Ti2 V1 Cu2,TRUE,TRUE,-31.08293061 eV,2,1,2,0.5112068000000027,0.10224136000000054,0.4,0.2,0.4
123,Ti2 V1 Cu3,TRUE,TRUE,-35.28563185 eV,2,1,3,-0.05633626999999919,-0.009389378333333198,0.3333,0.1667,0.5
124,Ti1 V2 Cu3,FALSE,TRUE,-36.09277032 eV,1,2,3,0.39602035000000235,0.06600339166666706,0.1667,0.3333,0.5
125,Ti2 V2 Cu1,TRUE,TRUE,-36.43559366 eV,2,2,1,0.4709893300000014,0.09419786600000028,0.4,0.4,0.2
126,Ti1 V2 Cu3,TRUE,TRUE,-35.62127163 eV,1,2,3,0.8675190399999995,0.1445865066666666,0.1667,0.3333,0.5
127,Ti1 V3 Cu2,TRUE,TRUE,-41.20174577 eV,1,3,2,0.5994904799999992,0.09991507999999986,0.1667,0.5,0.3333
128,Ti2 V2 Cu2,TRUE,TRUE,-40.31702148 eV,2,2,2,0.22471968000000242,0.0374532800000004,0.3333,0.3333,0.3333
129,Ti3 V2 Cu1,TRUE,TRUE,-44.66759332 eV,3,2,1,-0.0729016700000007,-0.01215027833333345,0.5,0.3333,0.1667
130,Ti2 V1 Cu3,TRUE,TRUE,-35.1724117 eV,2,1,3,0.05688388000000444,0.009480646666667406,0.3333,0.1667,0.5
131,Ti2 V2 Cu2,FALSE,TRUE,-40.38323563 eV,2,2,2,0.158505530000002,0.02641758833333367,0.3333,0.3333,0.3333
132,Ti1 V2 Cu3,TRUE,TRUE,-35.70522853 eV,1,2,3,0.7835621400000026,0.13059369000000043,0.1667,0.3333,0.5
133,Ti3 V2 Cu1,TRUE,TRUE,-44.29883405 eV,3,2,1,0.2958575999999975,0.049309599999999586,0.5,0.3333,0.1667
134,Ti2 V3 Cu1,TRUE,TRUE,-45.61898213 eV,2,3,1,0.23520461000000692,0.03920076833333449,0.3333,0.5,0.1667
135,Ti2 V2 Cu2,TRUE,TRUE,-40.0120088 eV,2,2,2,0.5297323600000068,0.0882887266666678,0.3333,0.3333,0.3333
136,Ti1 V1 Cu2,TRUE,TRUE,-23.50219492 eV,1,1,2,0.40383383000000084,0.10095845750000021,0.25,0.25,0.5
137,Ti1 V3 Cu2,TRUE,TRUE,-40.9982719 eV,1,3,2,0.8029643500000025,0.1338273916666671,0.1667,0.5,0.3333
138,Ti2 V2 Cu2,TRUE,TRUE,-40.14370039 eV,2,2,2,0.39804077000000415,0.06634012833333403,0.3333,0.3333,0.3333
139,Ti1 V1 Cu4,TRUE,TRUE,-30.98969888 eV,1,1,4,0.1866462100000028,0.031107701666667136,0.1667,0.1667,0.6667
140,Ti1 V3 Cu2,TRUE,TRUE,-41.4247925 eV,1,3,2,0.3764437499999991,0.06274062499999984,0.1667,0.5,0.3333
141,Ti1 V4 Cu1,TRUE,TRUE,-46.84939178 eV,1,4,1,0.2642900500000027,0.04404834166666712,0.1667,0.6667,0.1667
142,Ti2 V3 Cu1,TRUE,TRUE,-45.65380965 eV,2,3,1,0.20037709000000659,0.03339618166666777,0.3333,0.5,0.1667
143,Ti2 V1 Cu2,TRUE,TRUE,-31.49057641 eV,2,1,2,0.10356100000000001,0.020712200000000004,0.4,0.2,0.4
144,Ti3 V2 Cu1,TRUE,TRUE,-44.81402873 eV,3,2,1,-0.21933707999999585,-0.03655617999999931,0.5,0.3333,0.1667
145,Ti1 V1 Cu4,TRUE,TRUE,-30.91666073 eV,1,1,4,0.2596843600000014,0.0432807266666669,0.1667,0.1667,0.6667
146,Ti3 V1 Cu2,TRUE,TRUE,-39.04702052 eV,3,1,2,0.23522555000000356,0.03920425833333393,0.5,0.1667,0.3333
147,Ti2 V3 Cu1,TRUE,TRUE,-45.87132842 eV,2,3,1,-0.0171416799999915,-0.00285694666666525,0.3333,0.5,0.1667
148,Ti1 V4 Cu1,TRUE,TRUE,-46.54463555 eV,1,4,1,0.569046279999998,0.09484104666666633,0.1667,0.6667,0.1667
149,Ti1 V2 Cu2,TRUE,TRUE,-32.55272374 eV,1,2,2,0.3009087600000049,0.060181752000000976,0.2,0.4,0.4
150,Ti2 V2 Cu1,TRUE,TRUE,-36.54781223 eV,2,2,1,0.3587707600000054,0.07175415200000108,0.4,0.4,0.2
151,Ti3 V1 Cu2,TRUE,TRUE,-39.30608526 eV,3,1,2,-0.023839190000003008,-0.003973198333333834,0.5,0.1667,0.3333
152,Ti2 V2 Cu2,TRUE,TRUE,-40.46115594 eV,2,2,2,0.0805852200000059,0.013430870000000983,0.3333,0.3333,0.3333
153,Ti1 V2 Cu3,TRUE,TRUE,-36.41534815 eV,1,2,3,0.07344252000000218,0.012240420000000363,0.1667,0.3333,0.5
154,Ti1 V3 Cu2,TRUE,TRUE,-40.74488267 eV,1,3,2,1.0563535799999988,0.1760589299999998,0.1667,0.5,0.3333
155,Ti2 V2 Cu2,FALSE,TRUE,-39.90938119 eV,2,2,2,0.6323599700000058,0.1053933283333343,0.3333,0.3333,0.3333
156,Ti2 V1 Cu1,TRUE,TRUE,-27.72561574 eV,2,1,1,0.2333635000000025,0.058340875000000625,0.5,0.25,0.25
157,Ti3 V1 Cu2,FALSE,TRUE,-39.28805646 eV,3,1,2,-0.005810389999999721,-0.0009683983333332868,0.5,0.1667,0.3333
158,Ti1 V4 Cu1,TRUE,TRUE,-47.03777738 eV,1,4,1,0.07590444999999901,0.012650741666666502,0.1667,0.6667,0.1667
159,Ti3 V1 Cu1,FALSE,TRUE,-35.56317861 eV,3,1,1,0.08390928999999892,0.01678185799999978,0.6,0.2,0.2
160,Ti2 V2 Cu2,TRUE,TRUE,-40.04147686 eV,2,2,2,0.5002643000000004,0.0833773833333334,0.3333,0.3333,0.3333
161,Ti3 V2 Cu1,TRUE,TRUE,-44.48189777 eV,3,2,1,0.11279387999999768,0.018798979999999615,0.5,0.3333,0.1667
162,Ti3 V2 Cu1,TRUE,TRUE,-44.43466338 eV,3,2,1,0.16002826999999753,0.026671378333332923,0.5,0.3333,0.1667
163,Ti1 V3 Cu1,TRUE,TRUE,-37.99365779 eV,1,3,1,0.1724202900000047,0.03448405800000094,0.2,0.6,0.2
164,Ti2 V1 Cu1,TRUE,TRUE,-27.73372131 eV,2,1,1,0.22525793000000105,0.05631448250000026,0.5,0.25,0.25
165,Ti2 V1 Cu3,TRUE,TRUE,-34.9884849 eV,2,1,3,0.24081067999999917,0.040135113333333194,0.3333,0.1667,0.5
166,Ti2 V2 Cu2,TRUE,TRUE,-39.55356217 eV,2,2,2,0.9881789900000042,0.16469649833333402,0.3333,0.3333,0.3333
167,Ti1 V3 Cu2,TRUE,TRUE,-41.29119235 eV,1,3,2,0.5100438999999986,0.08500731666666643,0.1667,0.5,0.3333
168,Ti1 V1 Cu3,TRUE,TRUE,-27.03707636 eV,1,1,3,0.5041105600000009,0.10082211200000017,0.2,0.2,0.6
169,Ti2 V1 Cu3,TRUE,TRUE,-35.19630105 eV,2,1,3,0.032994529999999855,0.005499088333333309,0.3333,0.1667,0.5
170,Ti1 V3 Cu1,TRUE,TRUE,-37.81036426 eV,1,3,1,0.35571382000000495,0.071142764000001,0.2,0.6,0.2
171,Ti2 V3 Cu1,TRUE,TRUE,-45.69815416 eV,2,3,1,0.15603258000000464,0.026005430000000773,0.3333,0.5,0.1667
172,Ti3 V1 Cu2,TRUE,TRUE,-39.39894687 eV,3,1,2,-0.11670080000000294,-0.019450133333333824,0.5,0.1667,0.3333
173,Ti1 V2 Cu1,TRUE,TRUE,-28.59558454 eV,1,2,1,0.6228897900000017,0.15572244750000042,0.25,0.5,0.25
174,Ti2 V2 Cu1,TRUE,TRUE,-36.82814039 eV,2,2,1,0.07844260000000203,0.015688520000000407,0.4,0.4,0.2
175,Ti2 V1 Cu3,TRUE,TRUE,-34.88059177 eV,2,1,3,0.34870380999999995,0.058117301666666656,0.3333,0.1667,0.5
176,Ti1 V4 Cu1,TRUE,TRUE,-47.05769495 eV,1,4,1,0.05598688000000207,0.009331146666667012,0.1667,0.6667,0.1667
177,Ti1 V3 Cu2,TRUE,TRUE,-41.34789073 eV,1,3,2,0.4533455199999983,0.07555758666666638,0.1667,0.5,0.3333
178,Ti1 V2 Cu3,TRUE,TRUE,-36.45023668 eV,1,2,3,0.038553989999998706,0.006425664999999785,0.1667,0.3333,0.5
179,Ti1 V2 Cu3,TRUE,TRUE,-36.15964748 eV,1,2,3,0.32914319000000525,0.05485719833333421,0.1667,0.3333,0.5
180,Ti3 V2 Cu1,TRUE,TRUE,-44.05074714 eV,3,2,1,0.5439445100000024,0.09065741833333374,0.5,0.3333,0.1667
181,Ti3 V1 Cu2,TRUE,TRUE,-39.11398536 eV,3,1,2,0.16826070999999931,0.028043451666666552,0.5,0.1667,0.3333
182,Ti3 V1 Cu2,FALSE,TRUE,-38.37748381 eV,3,1,2,0.9047622599999992,0.15079370999999986,0.5,0.1667,0.3333
183,Ti2 V1 Cu2,TRUE,TRUE,-32.24050047 eV,2,1,2,-0.6463630599999979,-0.12927261199999956,0.4,0.2,0.4
184,Ti1 V2 Cu2,TRUE,TRUE,-32.37412435 eV,1,2,2,0.47950815,0.09590163,0.2,0.4,0.4
185,Ti1 V3 Cu2,TRUE,TRUE,-41.22185892 eV,1,3,2,0.5793773299999989,0.09656288833333315,0.1667,0.5,0.3333
186,Ti2 V1 Cu1,TRUE,TRUE,-28.03665865 eV,2,1,1,-0.07767940999999867,-0.019419852499999668,0.5,0.25,0.25
187,Ti2 V1 Cu1,TRUE,TRUE,-27.49338522 eV,2,1,1,0.4655940200000006,0.11639850500000015,0.5,0.25,0.25
188,Ti2 V1 Cu1,TRUE,TRUE,-27.75062585 eV,2,1,1,0.2083533900000023,0.052088347500000576,0.5,0.25,0.25
189,Ti3 V2 Cu1,TRUE,TRUE,-44.33770716 eV,3,2,1,0.25698449000000023,0.04283074833333337,0.5,0.3333,0.1667
190,Ti2 V2 Cu1,TRUE,TRUE,-37.38920764 eV,2,2,1,-0.48262464999999866,-0.09652492999999973,0.4,0.4,0.2
191,Ti1 V3 Cu2,TRUE,TRUE,-41.2551542 eV,1,3,2,0.5460820500000017,0.09101367500000028,0.1667,0.5,0.3333
192,Ti1 V1 Cu2,TRUE,TRUE,-23.51084869 eV,1,1,2,0.39518006000000216,0.09879501500000054,0.25,0.25,0.5
193,Ti3 V1 Cu1,TRUE,TRUE,-35.44758389 eV,3,1,1,0.19950401000000317,0.03990080200000064,0.6,0.2,0.2
194,Ti3 V1 Cu2,FALSE,TRUE,-39.78924836 eV,3,1,2,-0.5070022900000017,-0.08450038166666696,0.5,0.1667,0.3333
195,Ti4 V1 Cu1,FALSE,TRUE,-43.11368725 eV,4,1,1,0.22150931000000318,0.03691821833333386,0.6667,0.1667,0.1667
196,Ti1 V2 Cu3,TRUE,TRUE,-35.75583841 eV,1,2,3,0.7329522599999994,0.12215870999999989,0.1667,0.3333,0.5
197,Ti3 V2 Cu1,TRUE,TRUE,-44.26880008 eV,3,2,1,0.3258915700000027,0.054315261666667114,0.5,0.3333,0.1667
198,Ti1 V3 Cu2,FALSE,TRUE,-41.90919031 eV,1,3,2,-0.10795405999999819,-0.017992343333333032,0.1667,0.5,0.3333
199,Ti1 V1 Cu4,FALSE,TRUE,-31.51359047 eV,1,1,4,-0.3372453799999988,-0.056207563333333134,0.1667,0.1667,0.6667
200,Ti2 V1 Cu3,TRUE,TRUE,-34.77214811 eV,2,1,3,0.4571474699999989,0.07619124499999981,0.3333,0.1667,0.5
201,Ti3 V2 Cu1,TRUE,TRUE,-44.48525201 eV,3,2,1,0.1094396399999975,0.018239939999999583,0.5,0.3333,0.1667
202,Ti1 V2 Cu3,TRUE,TRUE,-36.29926613 eV,1,2,3,0.18952454000000252,0.03158742333333375,0.1667,0.3333,0.5
203,Ti2 V2 Cu2,TRUE,TRUE,-40.40330968 eV,2,2,2,0.13843148000000394,0.02307191333333399,0.3333,0.3333,0.3333
204,Ti1 V3 Cu2,TRUE,TRUE,-41.23168884 eV,1,3,2,0.5695474100000046,0.09492456833333411,0.1667,0.5,0.3333
205,Ti2 V1 Cu3,TRUE,TRUE,-34.80703424 eV,2,1,3,0.42226134000000215,0.07037689000000036,0.3333,0.1667,0.5
206,Ti1 V2 Cu2,TRUE,TRUE,-32.43362135 eV,1,2,2,0.42001114999999967,0.08400222999999993,0.2,0.4,0.4
207,Ti1 V2 Cu1,TRUE,TRUE,-28.40523836 eV,1,2,1,0.813235970000004,0.203308992500001,0.25,0.5,0.25
208,Ti1 V3 Cu2,TRUE,TRUE,-41.6592876 eV,1,3,2,0.14194865000000245,0.023658108333333743,0.1667,0.5,0.3333
209,Ti1 V2 Cu2,TRUE,TRUE,-32.58292019 eV,1,2,2,0.2707123099999995,0.054142461999999905,0.2,0.4,0.4
210,Ti1 V2 Cu3,TRUE,TRUE,-35.82723256 eV,1,2,3,0.6615581100000032,0.11025968500000054,0.1667,0.3333,0.5
211,Ti1 V2 Cu3,TRUE,TRUE,-36.08761482 eV,1,2,3,0.4011758500000031,0.06686264166666718,0.1667,0.3333,0.5
212,Ti2 V1 Cu3,TRUE,TRUE,-35.14653638 eV,2,1,3,0.0827592000000017,0.013793200000000283,0.3333,0.1667,0.5
213,Ti3 V2 Cu1,TRUE,TRUE,-44.47904355 eV,3,2,1,0.11564810000000092,0.019274683333333487,0.5,0.3333,0.1667
214,Ti2 V2 Cu2,TRUE,TRUE,-40.20468006 eV,2,2,2,0.33706110000000233,0.05617685000000039,0.3333,0.3333,0.3333
215,Ti3 V1 Cu2,TRUE,TRUE,-39.22614917 eV,3,1,2,0.05609690000000089,0.009349483333333483,0.5,0.1667,0.3333
216,Ti2 V2 Cu2,TRUE,TRUE,-39.99812648 eV,2,2,2,0.5436146800000001,0.09060244666666668,0.3333,0.3333,0.3333
217,Ti1 V3 Cu2,TRUE,TRUE,-41.70857993 eV,1,3,2,0.09265632000000235,0.01544272000000039,0.1667,0.5,0.3333
218,Ti1 V1 Cu4,FALSE,TRUE,-31.56079316 eV,1,1,4,-0.3844480699999977,-0.06407467833333295,0.1667,0.1667,0.6667
219,Ti3 V2 Cu1,TRUE,TRUE,-44.57384975 eV,3,2,1,0.02084190000000019,0.0034736500000000317,0.5,0.3333,0.1667
220,Ti2 V2 Cu2,TRUE,TRUE,-40.30492921 eV,2,2,2,0.2368119500000061,0.03946865833333435,0.3333,0.3333,0.3333
221,Ti3 V1 Cu2,TRUE,TRUE,-38.90423028 eV,3,1,2,0.3780157900000001,0.06300263166666668,0.5,0.1667,0.3333
222,Ti3 V1 Cu2,TRUE,TRUE,-38.97431933 eV,3,1,2,0.3079267400000001,0.05132112333333335,0.5,0.1667,0.3333
223,Ti3 V2 Cu1,TRUE,TRUE,-44.41532872 eV,3,2,1,0.17936293000000303,0.02989382166666717,0.5,0.3333,0.1667
224,Ti2 V2 Cu2,TRUE,TRUE,-40.18617035 eV,2,2,2,0.3555708100000059,0.05926180166666765,0.3333,0.3333,0.3333
225,Ti1 V2 Cu1,TRUE,TRUE,-28.86948143 eV,1,2,1,0.34899290000000205,0.08724822500000051,0.25,0.5,0.25
226,Ti3 V1 Cu1,TRUE,TRUE,-35.69882658 eV,3,1,1,-0.051738680000001924,-0.010347736000000385,0.6,0.2,0.2
227,Ti1 V3 Cu1,TRUE,TRUE,-38.23988485 eV,1,3,1,-0.0738067699999978,-0.01476135399999956,0.2,0.6,0.2
228,Ti2 V3 Cu1,TRUE,TRUE,-45.69219075 eV,2,3,1,0.1619959900000043,0.026999331666667386,0.3333,0.5,0.1667
229,Ti2 V2 Cu2,TRUE,TRUE,-40.72614924 eV,2,2,2,-0.18440807999999453,-0.030734679999999088,0.3333,0.3333,0.3333
230,Ti2 V2 Cu2,FALSE,TRUE,-40.98695314 eV,2,2,2,-0.4452119799999936,-0.0742019966666656,0.3333,0.3333,0.3333
231,Ti3 V2 Cu1,TRUE,TRUE,-44.28148756 eV,3,2,1,0.3132040899999988,0.05220068166666647,0.5,0.3333,0.1667
232,Ti2 V2 Cu2,TRUE,TRUE,-40.19254801 eV,2,2,2,0.3491931500000005,0.058198858333333416,0.3333,0.3333,0.3333
233,Ti2 V3 Cu1,TRUE,TRUE,-45.37406098 eV,2,3,1,0.48012576000000307,0.08002096000000052,0.3333,0.5,0.1667
234,Ti2 V3 Cu1,TRUE,TRUE,-45.49683771 eV,2,3,1,0.35734903000000484,0.05955817166666747,0.3333,0.5,0.1667
235,Ti3 V1 Cu2,TRUE,TRUE,-39.10617983 eV,3,1,2,0.17606623999999815,0.029344373333333024,0.5,0.1667,0.3333
236,Ti2 V2 Cu2,TRUE,TRUE,-40.60907077 eV,2,2,2,-0.06732960999999893,-0.011221601666666489,0.3333,0.3333,0.3333
237,Ti3 V2 Cu1,TRUE,TRUE,-44.62317466 eV,3,2,1,-0.028483009999995534,-0.004747168333332589,0.5,0.3333,0.1667
238,Ti1 V3 Cu1,TRUE,TRUE,-37.99306016 eV,1,3,1,0.17301792000000615,0.03460358400000123,0.2,0.6,0.2
239,Ti1 V2 Cu3,TRUE,TRUE,-35.49313837 eV,1,2,3,0.995652300000005,0.16594205000000084,0.1667,0.3333,0.5
240,Ti3 V2 Cu1,TRUE,TRUE,-44.53711114 eV,3,2,1,0.05758051000000064,0.009596751666666773,0.5,0.3333,0.1667
241,Ti1 V2 Cu3,TRUE,TRUE,-36.1083297 eV,1,2,3,0.38046097000000323,0.0634101616666672,0.1667,0.3333,0.5
242,Ti1 V2 Cu3,TRUE,TRUE,-36.26092429 eV,1,2,3,0.2278663800000036,0.0379777300000006,0.1667,0.3333,0.5
243,Ti1 V3 Cu2,TRUE,TRUE,-41.39481158 eV,1,3,2,0.40642466999999893,0.06773744499999983,0.1667,0.5,0.3333
244,Ti1 V1 Cu4,TRUE,TRUE,-30.74258783 eV,1,1,4,0.43375726000000014,0.07229287666666669,0.1667,0.1667,0.6667
245,Ti3 V1 Cu2,FALSE,TRUE,-38.47323252 eV,3,1,2,0.8090135499999969,0.13483559166666614,0.5,0.1667,0.3333
246,Ti3 V2 Cu1,TRUE,TRUE,-43.93496078 eV,3,2,1,0.6597308700000037,0.10995514500000063,0.5,0.3333,0.1667
247,Ti3 V1 Cu2,TRUE,TRUE,-38.39541582 eV,3,1,2,0.8868302500000036,0.14780504166666728,0.5,0.1667,0.3333
248,Ti2 V3 Cu1,TRUE,TRUE,-45.62488144 eV,2,3,1,0.22930530000000315,0.03821755000000052,0.3333,0.5,0.1667
249,Ti2 V1 Cu3,FALSE,TRUE,-35.27037195 eV,2,1,3,-0.04107636999999542,-0.0068460616666659035,0.3333,0.1667,0.5
250,Ti2 V2 Cu2,TRUE,TRUE,-39.89806034 eV,2,2,2,0.6436808200000028,0.10728013666666714,0.3333,0.3333,0.3333
251,Ti1 V4 Cu1,TRUE,TRUE,-46.81251897 eV,1,4,1,0.30116286000000114,0.05019381000000019,0.1667,0.6667,0.1667
252,Ti1 V2 Cu3,TRUE,TRUE,-35.93630483 eV,1,2,3,0.5524858400000046,0.09208097333333409,0.1667,0.3333,0.5
253,Ti4 V1 Cu1,TRUE,TRUE,-43.22941816 eV,4,1,1,0.10577839999999972,0.017629733333333286,0.6667,0.1667,0.1667
254,Ti4 V1 Cu1,TRUE,TRUE,-43.52536017 eV,4,1,1,-0.1901636099999977,-0.03169393499999962,0.6667,0.1667,0.1667
255,Ti2 V1 Cu2,TRUE,TRUE,-31.54714733 eV,2,1,2,0.04699008000000138,0.009398016000000276,0.4,0.2,0.4
256,Ti2 V3 Cu1,TRUE,TRUE,-45.75479243 eV,2,3,1,0.0993943100000041,0.016565718333334017,0.3333,0.5,0.1667
257,Ti2 V3 Cu1,TRUE,TRUE,-45.41831416 eV,2,3,1,0.43587258000000473,0.07264543000000079,0.3333,0.5,0.1667
258,Ti2 V1 Cu3,TRUE,TRUE,-34.9235607 eV,2,1,3,0.30573487999999927,0.05095581333333321,0.3333,0.1667,0.5
259,Ti2 V1 Cu2,TRUE,TRUE,-31.54059498 eV,2,1,2,0.05354243000000114,0.010708486000000229,0.4,0.2,0.4
260,Ti3 V2 Cu1,TRUE,TRUE,-44.3946018 eV,3,2,1,0.20008985000000434,0.033348308333334055,0.5,0.3333,0.1667
261,Ti2 V1 Cu3,FALSE,TRUE,-35.27277049 eV,2,1,3,-0.043474909999996925,-0.007245818333332821,0.3333,0.1667,0.5
262,Ti3 V2 Cu1,TRUE,TRUE,-44.01502838 eV,3,2,1,0.5796632700000042,0.0966105450000007,0.5,0.3333,0.1667
263,Ti3 V1 Cu2,FALSE,TRUE,-39.5489455 eV,3,1,2,-0.26669943000000185,-0.04444990500000031,0.5,0.1667,0.3333
264,Ti2 V1 Cu3,FALSE,TRUE,-35.12483136 eV,2,1,3,0.10446422000000055,0.017410703333333426,0.3333,0.1667,0.5
265,Ti3 V1 Cu2,TRUE,TRUE,-39.21943925 eV,3,1,2,0.0628068199999996,0.010467803333333267,0.5,0.1667,0.3333
266,Ti1 V2 Cu3,TRUE,TRUE,-36.21428545 eV,1,2,3,0.27450522000000355,0.04575087000000059,0.1667,0.3333,0.5
267,Ti1 V3 Cu2,FALSE,TRUE,-41.48060085 eV,1,3,2,0.32063539999999957,0.05343923333333326,0.1667,0.5,0.3333
268,Ti3 V1 Cu2,TRUE,TRUE,-39.51464248 eV,3,1,2,-0.2323964099999989,-0.03873273499999982,0.5,0.1667,0.3333
269,Ti1 V3 Cu2,TRUE,TRUE,-41.58657939 eV,1,3,2,0.21465686000000428,0.035776143333334044,0.1667,0.5,0.3333
270,Ti3 V2 Cu1,FALSE,TRUE,-44.30396551 eV,3,2,1,0.2907261400000034,0.04845435666666723,0.5,0.3333,0.1667
271,Ti3 V1 Cu2,TRUE,TRUE,-38.71808348 eV,3,1,2,0.5641625900000031,0.09402709833333385,0.5,0.1667,0.3333
272,Ti2 V2 Cu1,TRUE,TRUE,-36.88020097 eV,2,2,1,0.026382020000006445,0.005276404000001289,0.4,0.4,0.2
273,Ti1 V4 Cu1,TRUE,TRUE,-46.9696568 eV,1,4,1,0.14402502999999767,0.02400417166666628,0.1667,0.6667,0.1667
274,Ti2 V2 Cu2,TRUE,TRUE,-40.32021502 eV,2,2,2,0.22152614000000437,0.03692102333333406,0.3333,0.3333,0.3333
275,Ti4 V1 Cu1,FALSE,TRUE,-42.97509509 eV,4,1,1,0.3601014699999978,0.060016911666666305,0.6667,0.1667,0.1667
276,Ti2 V2 Cu2,TRUE,TRUE,-40.22029075 eV,2,2,2,0.32145041000000685,0.053575068333334475,0.3333,0.3333,0.3333
277,Ti2 V3 Cu1,TRUE,TRUE,-45.57592997 eV,2,3,1,0.2782567700000089,0.04637612833333482,0.3333,0.5,0.1667
278,Ti1 V1 Cu4,TRUE,TRUE,-30.94232451 eV,1,1,4,0.2340205800000028,0.03900343000000047,0.1667,0.1667,0.6667
279,Ti1 V1 Cu3,TRUE,TRUE,-27.32324499 eV,1,1,3,0.21794193000000206,0.04358838600000041,0.2,0.2,0.6
280,Ti4 V1 Cu1,TRUE,TRUE,-43.67160186 eV,4,1,1,-0.33640530000000135,-0.05606755000000022,0.6667,0.1667,0.1667
281,Ti4 V1 Cu1,FALSE,TRUE,-43.34896124 eV,4,1,1,-0.013764679999999974,-0.002294113333333329,0.6667,0.1667,0.1667
282,Ti1 V2 Cu3,TRUE,TRUE,-35.7508725 eV,1,2,3,0.7379181700000021,0.12298636166666703,0.1667,0.3333,0.5
283,Ti2 V1 Cu1,FALSE,TRUE,-27.73454265 eV,2,1,1,0.22443658999999938,0.056109147499999845,0.5,0.25,0.25
284,Ti1 V1 Cu4,TRUE,TRUE,-30.69209985 eV,1,1,4,0.4842452399999999,0.08070753999999998,0.1667,0.1667,0.6667
285,Ti2 V2 Cu2,TRUE,TRUE,-40.59429096 eV,2,2,2,-0.05254979999999865,-0.008758299999999775,0.3333,0.3333,0.3333
286,Ti2 V1 Cu3,TRUE,TRUE,-35.46786211 eV,2,1,3,-0.2385665299999964,-0.03976108833333273,0.3333,0.1667,0.5
287,Ti2 V3 Cu1,TRUE,TRUE,-45.91333848 eV,2,3,1,-0.059151739999994124,-0.009858623333332353,0.3333,0.5,0.1667
288,Ti2 V2 Cu2,TRUE,TRUE,-40.61855306 eV,2,2,2,-0.07681190000000004,-0.012801983333333341,0.3333,0.3333,0.3333
289,Ti3 V1 Cu1,TRUE,TRUE,-35.62887343 eV,3,1,1,0.018214470000001537,0.0036428940000003073,0.6,0.2,0.2
290,Ti2 V3 Cu1,TRUE,TRUE,-45.3652792 eV,2,3,1,0.4889075400000027,0.08148459000000045,0.3333,0.5,0.1667
291,Ti2 V2 Cu2,TRUE,TRUE,-40.37632353 eV,2,2,2,0.16541763000000298,0.027569605000000497,0.3333,0.3333,0.3333
292,Ti2 V3 Cu1,TRUE,TRUE,-45.67945754 eV,2,3,1,0.1747292000000047,0.029121533333334115,0.3333,0.5,0.1667
293,Ti3 V2 Cu1,TRUE,TRUE,-44.43436331 eV,3,2,1,0.16032833999999907,0.026721389999999845,0.5,0.3333,0.1667
294,Ti2 V2 Cu2,TRUE,TRUE,-40.19161214 eV,2,2,2,0.3501290200000069,0.05835483666666782,0.3333,0.3333,0.3333
295,Ti1 V2 Cu3,TRUE,TRUE,-35.56290915 eV,1,2,3,0.925881519999999,0.1543135866666665,0.1667,0.3333,0.5
296,Ti2 V3 Cu1,TRUE,TRUE,-45.67574342 eV,2,3,1,0.17844332000000263,0.02974055333333377,0.3333,0.5,0.1667
297,Ti2 V1 Cu1,TRUE,TRUE,-27.88080541 eV,2,1,1,0.07817383000000033,0.019543457500000083,0.5,0.25,0.25
298,Ti2 V2 Cu2,FALSE,TRUE,-40.45974302 eV,2,2,2,0.08199814000000583,0.013666356666667637,0.3333,0.3333,0.3333
299,Ti2 V1 Cu3,FALSE,TRUE,-34.97377084 eV,2,1,3,0.255524740000002,0.042587456666667,0.3333,0.1667,0.5
300,Ti3 V2 Cu1,TRUE,TRUE,-44.44202703 eV,3,2,1,0.15266462000000258,0.025444103333333763,0.5,0.3333,0.1667
301,Ti2 V1 Cu2,TRUE,TRUE,-31.53280347 eV,2,1,2,0.061333939999998144,0.01226678799999963,0.4,0.2,0.4
302,Ti2 V2 Cu2,FALSE,TRUE,-40.60828474 eV,2,2,2,-0.06654357999999849,-0.011090596666666416,0.3333,0.3333,0.3333
303,Ti2 V2 Cu2,TRUE,TRUE,-40.11641187 eV,2,2,2,0.4253292900000032,0.07088821500000053,0.3333,0.3333,0.3333
304,Ti4 V1 Cu1,FALSE,TRUE,-43.0471716 eV,4,1,1,0.28802496000000266,0.04800416000000044,0.6667,0.1667,0.1667
305,Ti1 V3 Cu2,TRUE,TRUE,-40.77866438 eV,1,3,2,1.0225718699999993,0.17042864499999988,0.1667,0.5,0.3333
306,Ti2 V2 Cu2,TRUE,TRUE,-40.1542048 eV,2,2,2,0.38753636000000125,0.06458939333333354,0.3333,0.3333,0.3333
307,Ti3 V1 Cu2,TRUE,TRUE,-38.90764902 eV,3,1,2,0.3745970499999993,0.06243284166666655,0.5,0.1667,0.3333
308,Ti2 V1 Cu2,TRUE,TRUE,-31.48345237 eV,2,1,2,0.11068504000000079,0.02213700800000016,0.4,0.2,0.4
309,Ti1 V3 Cu2,TRUE,TRUE,-41.43264802 eV,1,3,2,0.3685882299999994,0.06143137166666657,0.1667,0.5,0.3333
310,Ti2 V2 Cu2,FALSE,TRUE,-40.24240008 eV,2,2,2,0.2993410800000005,0.04989018000000008,0.3333,0.3333,0.3333
311,Ti3 V1 Cu2,TRUE,TRUE,-38.82229663 eV,3,1,2,0.4599494400000035,0.07665824000000059,0.5,0.1667,0.3333
312,Ti3 V1 Cu2,FALSE,TRUE,-39.22686589 eV,3,1,2,0.05538018000000111,0.009230030000000186,0.5,0.1667,0.3333
313,Ti3 V1 Cu2,TRUE,TRUE,-39.1911624 eV,3,1,2,0.09108366999999706,0.015180611666666177,0.5,0.1667,0.3333
314,Ti2 V3 Cu1,FALSE,TRUE,-45.46028365 eV,2,3,1,0.3939030900000051,0.06565051500000085,0.3333,0.5,0.1667
315,Ti2 V2 Cu2,TRUE,TRUE,-40.65797559 eV,2,2,2,-0.116234429999996,-0.019372404999999333,0.3333,0.3333,0.3333
316,Ti1 V3 Cu2,TRUE,TRUE,-41.44916566 eV,1,3,2,0.35207059000000296,0.05867843166666716,0.1667,0.5,0.3333
317,Ti1 V3 Cu2,TRUE,TRUE,-41.43456315 eV,1,3,2,0.366673099999999,0.06111218333333316,0.1667,0.5,0.3333
318,Ti3 V1 Cu2,TRUE,TRUE,-39.11631564 eV,3,1,2,0.16593042999999685,0.027655071666666142,0.5,0.1667,0.3333
319,Ti2 V2 Cu2,TRUE,TRUE,-40.39702462 eV,2,2,2,0.14471654000000012,0.02411942333333335,0.3333,0.3333,0.3333
320,Ti1 V4 Cu1,TRUE,TRUE,-47.064699 eV,1,4,1,0.04898283000000303,0.008163805000000504,0.1667,0.6667,0.1667
321,Ti1 V2 Cu1,TRUE,TRUE,-29.27221829 eV,1,2,1,-0.053743959999998925,-0.013435989999999731,0.25,0.5,0.25
322,Ti2 V2 Cu2,TRUE,TRUE,-39.75853987 eV,2,2,2,0.7832012900000036,0.13053354833333394,0.3333,0.3333,0.3333
323,Ti1 V4 Cu1,TRUE,TRUE,-46.6244054 eV,1,4,1,0.4892764299999999,0.08154607166666665,0.1667,0.6667,0.1667
324,Ti2 V2 Cu2,TRUE,TRUE,-39.74756314 eV,2,2,2,0.7941780200000066,0.13236300333333442,0.3333,0.3333,0.3333
325,Ti2 V1 Cu1,TRUE,TRUE,-28.00060741 eV,2,1,1,-0.04162816999999963,-0.010407042499999908,0.5,0.25,0.25
326,Ti3 V2 Cu1,TRUE,TRUE,-44.48417878 eV,3,2,1,0.11051287000000043,0.01841881166666674,0.5,0.3333,0.1667
327,Ti1 V2 Cu3,TRUE,TRUE,-35.63447063 eV,1,2,3,0.8543200399999993,0.1423866733333332,0.1667,0.3333,0.5
328,Ti2 V3 Cu1,TRUE,TRUE,-45.47588173 eV,2,3,1,0.3783050100000085,0.06305083500000142,0.3333,0.5,0.1667
329,Ti1 V1 Cu4,TRUE,TRUE,-30.84760756 eV,1,1,4,0.3287375300000015,0.05478958833333358,0.1667,0.1667,0.6667
330,Ti1 V2 Cu3,FALSE,TRUE,-36.16219758 eV,1,2,3,0.3265930900000047,0.05443218166666745,0.1667,0.3333,0.5
331,Ti1 V3 Cu2,TRUE,TRUE,-41.33148377 eV,1,3,2,0.469752480000003,0.0782920800000005,0.1667,0.5,0.3333
332,Ti3 V1 Cu2,TRUE,TRUE,-39.72745542 eV,3,1,2,-0.44520934999999806,-0.07420155833333301,0.5,0.1667,0.3333
333,Ti1 V4 Cu1,TRUE,TRUE,-46.86572282 eV,1,4,1,0.24795900999999843,0.041326501666666404,0.1667,0.6667,0.1667
334,Ti1 V3 Cu2,TRUE,TRUE,-40.62145291 eV,1,3,2,1.1797833399999993,0.19663055666666654,0.1667,0.5,0.3333
335,Ti2 V2 Cu2,TRUE,TRUE,-40.53422332 eV,2,2,2,0.007517840000001108,0.001252973333333518,0.3333,0.3333,0.3333
336,Ti2 V1 Cu3,TRUE,TRUE,-35.29351311 eV,2,1,3,-0.06421752999999697,-0.010702921666666162,0.3333,0.1667,0.5
337,Ti2 V2 Cu1,TRUE,TRUE,-36.79056794 eV,2,2,1,0.11601505000000101,0.0232030100000002,0.4,0.4,0.2
338,Ti1 V2 Cu3,TRUE,TRUE,-36.22491057 eV,1,2,3,0.2638801000000033,0.04398001666666721,0.1667,0.3333,0.5
339,Ti1 V4 Cu1,TRUE,TRUE,-46.68837512 eV,1,4,1,0.425306709999997,0.07088445166666617,0.1667,0.6667,0.1667
340,Ti3 V1 Cu2,TRUE,TRUE,-38.73462016 eV,3,1,2,0.5476259100000016,0.09127098500000026,0.5,0.1667,0.3333
341,Ti2 V3 Cu1,TRUE,TRUE,-45.6003452 eV,2,3,1,0.25384154000000647,0.04230692333333441,0.3333,0.5,0.1667
342,Ti1 V2 Cu2,TRUE,TRUE,-32.79247562 eV,1,2,2,0.061156880000004854,0.01223137600000097,0.2,0.4,0.4
343,Ti1 V2 Cu3,TRUE,TRUE,-36.25547711 eV,1,2,3,0.23331356000000092,0.03888559333333349,0.1667,0.3333,0.5
344,Ti1 V3 Cu2,TRUE,TRUE,-41.17753803 eV,1,3,2,0.6236982200000005,0.10394970333333342,0.1667,0.5,0.3333
345,Ti2 V2 Cu2,TRUE,TRUE,-40.31873069 eV,2,2,2,0.22301047000000107,0.037168411666666845,0.3333,0.3333,0.3333
346,Ti2 V2 Cu1,TRUE,TRUE,-36.74930163 eV,2,2,1,0.1572813600000056,0.03145627200000112,0.4,0.4,0.2
347,Ti1 V2 Cu3,TRUE,TRUE,-36.12293651 eV,1,2,3,0.3658541599999996,0.06097569333333327,0.1667,0.3333,0.5
348,Ti2 V3 Cu1,TRUE,TRUE,-45.46944054 eV,2,3,1,0.38474620000000526,0.06412436666666754,0.3333,0.5,0.1667
349,Ti2 V3 Cu1,FALSE,TRUE,-45.63626367 eV,2,3,1,0.21792307000000788,0.03632051166666798,0.3333,0.5,0.1667
350,Ti3 V2 Cu1,TRUE,TRUE,-44.64898588 eV,3,2,1,-0.05429422999999689,-0.009049038333332815,0.5,0.3333,0.1667
351,Ti2 V3 Cu1,TRUE,TRUE,-45.30675254 eV,2,3,1,0.5474342000000081,0.09123903333333468,0.3333,0.5,0.1667
352,Ti1 V2 Cu2,FALSE,TRUE,-32.23505215 eV,1,2,2,0.6185803500000011,0.12371607000000022,0.2,0.4,0.4
353,Ti3 V1 Cu2,TRUE,TRUE,-39.42863523 eV,3,1,2,-0.14638915999999735,-0.02439819333333289,0.5,0.1667,0.3333
354,Ti2 V3 Cu1,TRUE,TRUE,-45.69955519 eV,2,3,1,0.15463155000000794,0.025771925000001323,0.3333,0.5,0.1667
355,Ti2 V1 Cu3,TRUE,TRUE,-35.20230762 eV,2,1,3,0.02698796000000314,0.004497993333333857,0.3333,0.1667,0.5
356,Ti2 V3 Cu1,TRUE,TRUE,-45.93419667 eV,2,3,1,-0.08000992999999257,-0.013334988333332095,0.3333,0.5,0.1667
357,Ti1 V2 Cu3,TRUE,TRUE,-35.74963908 eV,1,2,3,0.7391515900000005,0.12319193166666675,0.1667,0.3333,0.5
358,Ti2 V1 Cu3,TRUE,TRUE,-35.1004491 eV,2,1,3,0.12884648000000354,0.021474413333333924,0.3333,0.1667,0.5
359,Ti1 V2 Cu3,TRUE,TRUE,-35.59369495 eV,1,2,3,0.8950957200000023,0.14918262000000038,0.1667,0.3333,0.5
360,Ti1 V3 Cu2,TRUE,TRUE,-41.42846592 eV,1,3,2,0.3727703300000007,0.06212838833333345,0.1667,0.5,0.3333
361,Ti1 V2 Cu3,TRUE,TRUE,-36.22681163 eV,1,2,3,0.2619790400000017,0.04366317333333362,0.1667,0.3333,0.5
362,Ti1 V1 Cu4,TRUE,TRUE,-30.25204796 eV,1,1,4,0.9242971300000029,0.15404952166666716,0.1667,0.1667,0.6667
363,Ti2 V2 Cu2,FALSE,TRUE,-40.02109425 eV,2,2,2,0.5206469100000062,0.08677448500000103,0.3333,0.3333,0.3333
364,Ti3 V1 Cu2,TRUE,TRUE,-39.30976015 eV,3,1,2,-0.027514080000002217,-0.0045856800000003695,0.5,0.1667,0.3333
365,Ti2 V1 Cu3,TRUE,TRUE,-35.32402273 eV,2,1,3,-0.09472715000000065,-0.015787858333333443,0.3333,0.1667,0.5
366,Ti1 V2 Cu1,TRUE,TRUE,-28.96624483 eV,1,2,1,0.25222950000000166,0.06305737500000042,0.25,0.5,0.25
367,Ti4 V1 Cu1,FALSE,TRUE,-43.06435432 eV,4,1,1,0.2708422400000017,0.045140373333333615,0.6667,0.1667,0.1667
368,Ti3 V2 Cu1,TRUE,TRUE,-44.93812601 eV,3,2,1,-0.3434343599999967,-0.05723905999999945,0.5,0.3333,0.1667
369,Ti1 V1 Cu4,TRUE,TRUE,-31.0136826 eV,1,1,4,0.16266249000000244,0.027110415000000405,0.1667,0.1667,0.6667
370,Ti1 V3 Cu2,TRUE,TRUE,-40.60490861 eV,1,3,2,1.196327639999999,0.19938793999999982,0.1667,0.5,0.3333
371,Ti1 V2 Cu3,TRUE,TRUE,-35.51965951 eV,1,2,3,0.9691311600000052,0.16152186000000088,0.1667,0.3333,0.5
372,Ti1 V2 Cu2,FALSE,TRUE,-32.83297962 eV,1,2,2,0.020652879999999207,0.004130575999999842,0.2,0.4,0.4
373,Ti1 V1 Cu2,TRUE,TRUE,-24.02251303 eV,1,1,2,-0.11648427999999722,-0.029121069999999305,0.25,0.25,0.5
374,Ti2 V1 Cu2,TRUE,TRUE,-31.40640988 eV,2,1,2,0.18772753000000453,0.03754550600000091,0.4,0.2,0.4
375,Ti1 V2 Cu3,TRUE,TRUE,-35.56493233 eV,1,2,3,0.9238583400000042,0.1539763900000007,0.1667,0.3333,0.5
376,Ti2 V2 Cu2,TRUE,TRUE,-39.78913009 eV,2,2,2,0.752611070000003,0.12543517833333384,0.3333,0.3333,0.3333
377,Ti1 V1 Cu2,TRUE,TRUE,-23.71472321 eV,1,1,2,0.19130554000000277,0.04782638500000069,0.25,0.25,0.5
378,Ti2 V3 Cu1,TRUE,TRUE,-45.77811596 eV,2,3,1,0.07607078000000511,0.012678463333334186,0.3333,0.5,0.1667
379,Ti1 V3 Cu2,TRUE,TRUE,-41.36643243 eV,1,3,2,0.4348038199999982,0.07246730333333302,0.1667,0.5,0.3333
380,Ti1 V1 Cu4,TRUE,TRUE,-31.10859033 eV,1,1,4,0.06775476000000324,0.01129246000000054,0.1667,0.1667,0.6667
381,Ti2 V2 Cu2,TRUE,TRUE,-40.29989711 eV,2,2,2,0.2418440500000001,0.040307341666666684,0.3333,0.3333,0.3333
382,Ti4 V1 Cu1,FALSE,TRUE,-43.45823348 eV,4,1,1,-0.12303691999999566,-0.02050615333333261,0.6667,0.1667,0.1667
383,Ti1 V4 Cu1,TRUE,TRUE,-46.91567899 eV,1,4,1,0.1980028399999969,0.033000473333332815,0.1667,0.6667,0.1667
384,Ti1 V2 Cu2,TRUE,TRUE,-32.38958108 eV,1,2,2,0.4640514200000032,0.09281028400000065,0.2,0.4,0.4
385,Ti1 V3 Cu2,TRUE,TRUE,-41.11399674 eV,1,3,2,0.6872395100000039,0.11453991833333399,0.1667,0.5,0.3333
386,Ti1 V1 Cu4,TRUE,TRUE,-30.98467965 eV,1,1,4,0.1916654400000013,0.031944240000000214,0.1667,0.1667,0.6667
387,Ti2 V3 Cu1,TRUE,TRUE,-45.68797212 eV,2,3,1,0.1662146200000083,0.02770243666666805,0.3333,0.5,0.1667
388,Ti2 V1 Cu2,TRUE,TRUE,-31.58225364 eV,2,1,2,0.011883769999998073,0.0023767539999996145,0.4,0.2,0.4
389,Ti4 V1 Cu1,TRUE,TRUE,-43.04594598 eV,4,1,1,0.28925058000000226,0.04820843000000038,0.6667,0.1667,0.1667
390,Ti3 V2 Cu1,TRUE,TRUE,-44.81198749 eV,3,2,1,-0.2172958399999989,-0.03621597333333315,0.5,0.3333,0.1667
391,Ti2 V2 Cu2,TRUE,TRUE,-40.36485419 eV,2,2,2,0.17688697000000086,0.02948116166666681,0.3333,0.3333,0.3333
392,Ti4 V1 Cu1,TRUE,TRUE,-43.44406281 eV,4,1,1,-0.10886624999999706,-0.018144374999999508,0.6667,0.1667,0.1667
393,Ti1 V2 Cu3,TRUE,TRUE,-35.84133202 eV,1,2,3,0.647458649999999,0.10790977499999983,0.1667,0.3333,0.5
394,Ti2 V3 Cu1,FALSE,TRUE,-45.32402639 eV,2,3,1,0.5301603500000058,0.08836005833333431,0.3333,0.5,0.1667
395,Ti2 V2 Cu2,TRUE,TRUE,-39.92541856 eV,2,2,2,0.6163226000000064,0.1027204333333344,0.3333,0.3333,0.3333
396,Ti2 V3 Cu1,TRUE,TRUE,-45.56596215 eV,2,3,1,0.2882245900000089,0.04803743166666815,0.3333,0.5,0.1667
397,Ti1 V4 Cu1,TRUE,TRUE,-46.63214337 eV,1,4,1,0.481538459999999,0.08025640999999983,0.1667,0.6667,0.1667
398,Ti2 V2 Cu2,TRUE,TRUE,-40.05075921 eV,2,2,2,0.490981950000001,0.08183032500000016,0.3333,0.3333,0.3333
399,Ti2 V3 Cu1,TRUE,TRUE,-45.48520977 eV,2,3,1,0.36897697000000873,0.061496161666668124,0.3333,0.5,0.1667
400,Ti1 V3 Cu2,TRUE,TRUE,-41.29349978 eV,1,3,2,0.5077364700000038,0.08462274500000062,0.1667,0.5,0.3333
401,Ti3 V1 Cu2,TRUE,TRUE,-39.63161317 eV,3,1,2,-0.34936710000000115,-0.05822785000000019,0.5,0.1667,0.3333
402,Ti1 V1 Cu4,FALSE,TRUE,-31.04403773 eV,1,1,4,0.1323073600000022,0.022051226666667034,0.1667,0.1667,0.6667
403,Ti2 V1 Cu3,TRUE,TRUE,-34.80249101 eV,2,1,3,0.42680457000000516,0.07113409500000085,0.3333,0.1667,0.5
404,Ti2 V2 Cu2,TRUE,TRUE,-40.29200091 eV,2,2,2,0.24974025000000477,0.041623375000000795,0.3333,0.3333,0.3333
405,Ti3 V2 Cu1,TRUE,TRUE,-44.3554513 eV,3,2,1,0.23924035000000243,0.03987339166666707,0.5,0.3333,0.1667
406,Ti2 V1 Cu2,FALSE,TRUE,-31.06708471 eV,2,1,2,0.5270527000000014,0.10541054000000027,0.4,0.2,0.4
407,Ti4 V1 Cu1,FALSE,TRUE,-43.17276573 eV,4,1,1,0.16243082999999947,0.02707180499999991,0.6667,0.1667,0.1667
408,Ti1 V2 Cu3,TRUE,TRUE,-36.00356786 eV,1,2,3,0.4852228100000051,0.08087046833333418,0.1667,0.3333,0.5
409,Ti2 V1 Cu3,FALSE,TRUE,-35.07487233 eV,2,1,3,0.15442325000000423,0.02573720833333404,0.3333,0.1667,0.5
410,Ti2 V3 Cu1,TRUE,TRUE,-45.55240846 eV,2,3,1,0.30177828000000373,0.05029638000000062,0.3333,0.5,0.1667
411,Ti2 V2 Cu2,TRUE,TRUE,-40.44386812 eV,2,2,2,0.09787304000000585,0.016312173333334307,0.3333,0.3333,0.3333
412,Ti3 V1 Cu2,TRUE,TRUE,-39.15647572 eV,3,1,2,0.12577034999999714,0.020961724999999525,0.5,0.1667,0.3333
413,Ti4 V1 Cu1,TRUE,TRUE,-43.34483353 eV,4,1,1,-0.009636970000001188,-0.0016061616666668648,0.6667,0.1667,0.1667
414,Ti1 V2 Cu3,TRUE,TRUE,-36.18195641 eV,1,2,3,0.306834260000004,0.051139043333334,0.1667,0.3333,0.5
415,Ti2 V2 Cu2,FALSE,TRUE,-40.14174182 eV,2,2,2,0.3999993400000035,0.06666655666666725,0.3333,0.3333,0.3333
416,Ti1 V3 Cu2,TRUE,TRUE,-41.19474452 eV,1,3,2,0.606491730000001,0.10108195500000017,0.1667,0.5,0.3333
417,Ti1 V1 Cu4,FALSE,TRUE,-30.72079768 eV,1,1,4,0.4555474100000012,0.07592456833333354,0.1667,0.1667,0.6667
418,Ti3 V1 Cu1,TRUE,TRUE,-35.63228679 eV,3,1,1,0.014801109999998285,0.002960221999999657,0.6,0.2,0.2
419,Ti2 V3 Cu1,TRUE,TRUE,-45.66133483 eV,2,3,1,0.1928519100000048,0.032141985000000796,0.3333,0.5,0.1667
420,Ti3 V1 Cu1,TRUE,TRUE,-35.96903114 eV,3,1,1,-0.3219432399999982,-0.06438864799999963,0.6,0.2,0.2
421,Ti2 V3 Cu1,TRUE,TRUE,-45.77245643 eV,2,3,1,0.08173031000000774,0.013621718333334623,0.3333,0.5,0.1667
422,Ti2 V2 Cu2,TRUE,TRUE,-40.25435719 eV,2,2,2,0.28738397000000315,0.047897328333333856,0.3333,0.3333,0.3333
423,Ti2 V2 Cu1,TRUE,TRUE,-36.67943667 eV,2,2,1,0.22714632000000234,0.04542926400000047,0.4,0.4,0.2
424,Ti2 V1 Cu3,TRUE,TRUE,-34.99457242 eV,2,1,3,0.23472316000000504,0.03912052666666751,0.3333,0.1667,0.5
425,Ti2 V2 Cu1,TRUE,TRUE,-36.29342294 eV,2,2,1,0.6131600500000043,0.12263201000000086,0.4,0.4,0.2
426,Ti2 V3 Cu1,TRUE,TRUE,-45.46461781 eV,2,3,1,0.38956893000000603,0.064928155000001,0.3333,0.5,0.1667
427,Ti1 V2 Cu3,TRUE,TRUE,-36.10096898 eV,1,2,3,0.38782169000000444,0.06463694833333407,0.1667,0.3333,0.5
428,Ti2 V1 Cu3,TRUE,TRUE,-34.89245001 eV,2,1,3,0.3368455700000048,0.05614092833333414,0.3333,0.1667,0.5
429,Ti1 V1 Cu1,TRUE,TRUE,-20.1921621 eV,1,1,1,0.07870848000000086,0.026236160000000286,0.3333,0.3333,0.3333
430,Ti1 V1 Cu3,TRUE,TRUE,-27.34669447 eV,1,1,3,0.19449245000000204,0.03889849000000041,0.2,0.2,0.6
431,Ti2 V2 Cu2,TRUE,TRUE,-39.60609369 eV,2,2,2,0.9356474700000019,0.1559412450000003,0.3333,0.3333,0.3333
432,Ti2 V2 Cu2,FALSE,TRUE,-39.68680782 eV,2,2,2,0.854933340000005,0.14248889000000084,0.3333,0.3333,0.3333
433,Ti1 V4 Cu1,TRUE,TRUE,-46.57518484 eV,1,4,1,0.5384969900000018,0.08974949833333364,0.1667,0.6667,0.1667
434,Ti1 V3 Cu2,TRUE,TRUE,-41.63417889 eV,1,3,2,0.16705736000000027,0.02784289333333338,0.1667,0.5,0.3333
435,Ti3 V2 Cu1,TRUE,TRUE,-44.37007904 eV,3,2,1,0.22461261000000077,0.03743543500000013,0.5,0.3333,0.1667
436,Ti2 V2 Cu2,TRUE,TRUE,-40.48348382 eV,2,2,2,0.05825734000000704,0.00970955666666784,0.3333,0.3333,0.3333
437,Ti3 V1 Cu2,TRUE,TRUE,-39.34238849 eV,3,1,2,-0.060142419999997365,-0.010023736666666228,0.5,0.1667,0.3333
438,Ti2 V2 Cu2,TRUE,TRUE,-39.9872321 eV,2,2,2,0.5545090600000036,0.09241817666666725,0.3333,0.3333,0.3333
439,Ti1 V1 Cu4,TRUE,TRUE,-30.92306426 eV,1,1,4,0.25328083000000134,0.04221347166666689,0.1667,0.1667,0.6667
440,Ti3 V1 Cu2,TRUE,TRUE,-38.92776789 eV,3,1,2,0.35447818000000186,0.05907969666666698,0.5,0.1667,0.3333
441,Ti3 V1 Cu1,TRUE,TRUE,-35.47635097 eV,3,1,1,0.17073693000000167,0.034147386000000335,0.6,0.2,0.2
442,Ti1 V3 Cu2,FALSE,TRUE,-41.56052368 eV,1,3,2,0.24071256999999857,0.040118761666666426,0.1667,0.5,0.3333
443,Ti1 V3 Cu2,TRUE,TRUE,-40.52067998 eV,1,3,2,1.2805562700000044,0.21342604500000073,0.1667,0.5,0.3333
444,Ti1 V1 Cu2,TRUE,TRUE,-23.70896408 eV,1,1,2,0.1970646700000005,0.049266167500000124,0.25,0.25,0.5
445,Ti2 V3 Cu1,TRUE,TRUE,-45.58599921 eV,2,3,1,0.26818753000000894,0.04469792166666816,0.3333,0.5,0.1667
446,Ti1 V3 Cu2,TRUE,TRUE,-42.15730644 eV,1,3,2,-0.35607018999999784,-0.059345031666666305,0.1667,0.5,0.3333
447,Ti4 V1 Cu1,TRUE,TRUE,-43.30893993 eV,4,1,1,0.026256630000000225,0.004376105000000037,0.6667,0.1667,0.1667
448,Ti2 V1 Cu3,TRUE,TRUE,-35.07617797 eV,2,1,3,0.1531176099999989,0.025519601666666485,0.3333,0.1667,0.5
449,Ti1 V1 Cu4,TRUE,TRUE,-30.97078542 eV,1,1,4,0.20555967000000308,0.03425994500000051,0.1667,0.1667,0.6667
450,Ti3 V2 Cu1,TRUE,TRUE,-44.32783368 eV,3,2,1,0.26685797000000333,0.04447632833333389,0.5,0.3333,0.1667
451,Ti2 V1 Cu2,TRUE,TRUE,-31.70871558 eV,2,1,2,-0.11457817000000059,-0.02291563400000012,0.4,0.2,0.4
452,Ti1 V3 Cu1,TRUE,TRUE,-37.71128539 eV,1,3,1,0.45479269000000455,0.09095853800000091,0.2,0.6,0.2
453,Ti3 V1 Cu2,TRUE,TRUE,-39.08498956 eV,3,1,2,0.19725651000000344,0.032876085000000575,0.5,0.1667,0.3333
454,Ti1 V2 Cu3,TRUE,TRUE,-36.16607792 eV,1,2,3,0.32271275000000266,0.05378545833333378,0.1667,0.3333,0.5
455,Ti1 V3 Cu1,TRUE,TRUE,-37.71622833 eV,1,3,1,0.44984975000000516,0.08996995000000103,0.2,0.6,0.2
456,Ti4 V1 Cu1,TRUE,TRUE,-43.19864431 eV,4,1,1,0.13655225000000248,0.02275870833333375,0.6667,0.1667,0.1667
457,Ti3 V1 Cu2,TRUE,TRUE,-38.98000565 eV,3,1,2,0.30224041999999773,0.050373403333332956,0.5,0.1667,0.3333
458,Ti1 V3 Cu2,TRUE,TRUE,-41.14654276 eV,1,3,2,0.6546934899999988,0.10911558166666646,0.1667,0.5,0.3333
459,Ti2 V2 Cu2,TRUE,TRUE,-39.69915312 eV,2,2,2,0.8425880400000052,0.14043134000000088,0.3333,0.3333,0.3333
460,Ti1 V1 Cu4,FALSE,TRUE,-31.53420492 eV,1,1,4,-0.3578598299999989,-0.05964330499999981,0.1667,0.1667,0.6667
461,Ti1 V1 Cu2,TRUE,TRUE,-23.51026309 eV,1,1,2,0.395765660000003,0.09894141500000075,0.25,0.25,0.5
462,Ti1 V1 Cu2,TRUE,TRUE,-23.63945584 eV,1,1,2,0.2665729100000016,0.0666432275000004,0.25,0.25,0.5
463,Ti3 V2 Cu1,TRUE,TRUE,-44.50017882 eV,3,2,1,0.09451282999999888,0.015752138333333148,0.5,0.3333,0.1667
464,Ti4 V1 Cu1,FALSE,TRUE,-43.24672373 eV,4,1,1,0.08847283000000195,0.01474547166666699,0.6667,0.1667,0.1667
465,Ti1 V4 Cu1,TRUE,TRUE,-46.70507326 eV,1,4,1,0.4086085700000015,0.06810142833333359,0.1667,0.6667,0.1667
466,Ti2 V1 Cu3,TRUE,TRUE,-35.36543511 eV,2,1,3,-0.13613952999999768,-0.02268992166666628,0.3333,0.1667,0.5
467,Ti1 V2 Cu3,TRUE,TRUE,-36.11328663 eV,1,2,3,0.3755040400000045,0.06258400666666741,0.1667,0.3333,0.5
468,Ti2 V2 Cu2,TRUE,TRUE,-40.63158893 eV,2,2,2,-0.089847769999996,-0.014974628333332666,0.3333,0.3333,0.3333
469,Ti1 V4 Cu1,TRUE,TRUE,-46.71662218 eV,1,4,1,0.39705964999999876,0.06617660833333312,0.1667,0.6667,0.1667
470,Ti1 V3 Cu1,TRUE,TRUE,-38.08249082 eV,1,3,1,0.08358726000000827,0.016717452000001652,0.2,0.6,0.2
471,Ti4 V1 Cu1,TRUE,TRUE,-43.294092 eV,4,1,1,0.04110456000000218,0.006850760000000363,0.6667,0.1667,0.1667
472,Ti1 V1 Cu3,FALSE,TRUE,-27.5258923 eV,1,1,3,0.015294620000002368,0.0030589240000004738,0.2,0.2,0.6
473,Ti1 V4 Cu1,TRUE,TRUE,-46.30939682 eV,1,4,1,0.804285009999997,0.13404750166666615,0.1667,0.6667,0.1667
474,Ti1 V2 Cu3,FALSE,TRUE,-35.76014757 eV,1,2,3,0.7286431000000011,0.12144051666666685,0.1667,0.3333,0.5
475,Ti2 V1 Cu3,TRUE,TRUE,-35.21450788 eV,2,1,3,0.014787700000002957,0.0024646166666671596,0.3333,0.1667,0.5
476,Ti1 V2 Cu3,TRUE,TRUE,-36.09612503 eV,1,2,3,0.3926656399999988,0.06544427333333314,0.1667,0.3333,0.5
477,Ti4 V1 Cu1,TRUE,TRUE,-43.21622975 eV,4,1,1,0.11896681000000475,0.01982780166666746,0.6667,0.1667,0.1667
478,Ti3 V1 Cu2,TRUE,TRUE,-39.24886305 eV,3,1,2,0.03338302000000315,0.005563836666667192,0.5,0.1667,0.3333
479,Ti2 V3 Cu1,TRUE,TRUE,-45.76319356 eV,2,3,1,0.09099318000000833,0.01516553000000139,0.3333,0.5,0.1667
480,Ti1 V3 Cu2,TRUE,TRUE,-40.72956457 eV,1,3,2,1.0716716800000006,0.17861194666666677,0.1667,0.5,0.3333
481,Ti3 V2 Cu1,TRUE,TRUE,-44.33312932 eV,3,2,1,0.2615623300000034,0.04359372166666723,0.5,0.3333,0.1667
482,Ti3 V1 Cu2,TRUE,TRUE,-39.85929054 eV,3,1,2,-0.5770444700000033,-0.09617407833333387,0.5,0.1667,0.3333
483,Ti1 V2 Cu3,TRUE,TRUE,-36.27370567 eV,1,2,3,0.21508500000000375,0.03584750000000062,0.1667,0.3333,0.5
484,Ti2 V1 Cu1,TRUE,TRUE,-27.73492548 eV,2,1,1,0.22405375999999988,0.05601343999999997,0.5,0.25,0.25
485,Ti2 V1 Cu2,FALSE,TRUE,-31.51915431 eV,2,1,2,0.07498309999999808,0.014996619999999617,0.4,0.2,0.4
486,Ti1 V1 Cu2,TRUE,TRUE,-23.70863276 eV,1,1,2,0.1973959900000013,0.049348997500000324,0.25,0.25,0.5
487,Ti1 V2 Cu3,TRUE,TRUE,-35.49399727 eV,1,2,3,0.9947934000000007,0.1657989000000001,0.1667,0.3333,0.5
488,Ti2 V1 Cu1,TRUE,TRUE,-27.64699689 eV,2,1,1,0.3119823500000005,0.07799558750000013,0.5,0.25,0.25
489,Ti1 V3 Cu2,TRUE,TRUE,-41.53563817 eV,1,3,2,0.26559808000000285,0.04426634666666714,0.1667,0.5,0.3333
490,Ti2 V2 Cu2,TRUE,TRUE,-40.27052327 eV,2,2,2,0.2712178900000053,0.04520298166666755,0.3333,0.3333,0.3333
491,Ti3 V2 Cu1,FALSE,TRUE,-44.59188239 eV,3,2,1,0.0028092599999989254,0.0004682099999998209,0.5,0.3333,0.1667
492,Ti1 V2 Cu1,TRUE,TRUE,-28.90773365 eV,1,2,1,0.31074068000000166,0.07768517000000041,0.25,0.5,0.25
493,Ti4 V1 Cu1,FALSE,TRUE,-43.00849469 eV,4,1,1,0.32670187000000217,0.05445031166666703,0.6667,0.1667,0.1667
494,Ti2 V2 Cu2,FALSE,TRUE,-40.04576771 eV,2,2,2,0.4959734500000037,0.08266224166666729,0.3333,0.3333,0.3333
495,Ti2 V3 Cu1,TRUE,TRUE,-45.51019609 eV,2,3,1,0.34399065000000517,0.05733177500000086,0.3333,0.5,0.1667
496,Ti3 V1 Cu2,TRUE,TRUE,-39.5367437 eV,3,1,2,-0.25449763000000214,-0.042416271666667026,0.5,0.1667,0.3333
497,Ti2 V1 Cu3,FALSE,TRUE,-35.19051738 eV,2,1,3,0.03877819999999943,0.006463033333333239,0.3333,0.1667,0.5
498,Ti1 V1 Cu4,TRUE,TRUE,-31.14243284 eV,1,1,4,0.0339122500000002,0.0056520416666667,0.1667,0.1667,0.6667
499,Ti2 V1 Cu1,TRUE,TRUE,-28.28829711 eV,2,1,1,-0.32931786999999746,-0.08232946749999936,0.5,0.25,0.25
500,Ti3 V1 Cu2,TRUE,TRUE,-38.64389193 eV,3,1,2,0.6383541399999979,0.10639235666666631,0.5,0.1667,0.3333
501,Ti1 V3 Cu2,TRUE,TRUE,-40.88697152 eV,1,3,2,0.9142647299999984,0.15237745499999975,0.1667,0.5,0.3333
502,Ti1 V1 Cu4,TRUE,TRUE,-30.82360152 eV,1,1,4,0.3527435700000012,0.0587905950000002,0.1667,0.1667,0.6667
503,Ti2 V3 Cu1,TRUE,TRUE,-46.28750255 eV,2,3,1,-0.4333158099999932,-0.07221930166666553,0.3333,0.5,0.1667
504,Ti3 V2 Cu1,TRUE,TRUE,-44.36867819 eV,3,2,1,0.22601346000000389,0.037668910000000645,0.5,0.3333,0.1667
505,Ti3 V1 Cu2,TRUE,TRUE,-39.20982551 eV,3,1,2,0.07242055999999852,0.012070093333333087,0.5,0.1667,0.3333
506,Ti2 V2 Cu2,TRUE,TRUE,-40.14276169 eV,2,2,2,0.3989794700000031,0.06649657833333385,0.3333,0.3333,0.3333
507,Ti2 V1 Cu3,TRUE,TRUE,-35.28544633 eV,2,1,3,-0.05615074999999692,-0.00935845833333282,0.3333,0.1667,0.5
508,Ti1 V3 Cu2,TRUE,TRUE,-41.20586171 eV,1,3,2,0.5953745400000008,0.09922909000000013,0.1667,0.5,0.3333
509,Ti3 V2 Cu1,TRUE,TRUE,-44.57250947 eV,3,2,1,0.02218218000000105,0.0036970300000001752,0.5,0.3333,0.1667
510,Ti2 V1 Cu2,TRUE,TRUE,-31.67653905 eV,2,1,2,-0.08240163999999961,-0.016480327999999923,0.4,0.2,0.4
511,Ti1 V1 Cu3,TRUE,TRUE,-27.10977433 eV,1,1,3,0.43141259000000076,0.08628251800000016,0.2,0.2,0.6
512,Ti2 V2 Cu2,TRUE,TRUE,-39.94435553 eV,2,2,2,0.5973856300000007,0.09956427166666677,0.3333,0.3333,0.3333
513,Ti3 V1 Cu2,FALSE,TRUE,-39.32342556 eV,3,1,2,-0.041179489999996655,-0.006863248333332776,0.5,0.1667,0.3333
514,Ti1 V4 Cu1,TRUE,TRUE,-46.7485266 eV,1,4,1,0.3651552300000023,0.06085920500000038,0.1667,0.6667,0.1667
515,Ti2 V3 Cu1,TRUE,TRUE,-45.68030097 eV,2,3,1,0.1738857700000085,0.02898096166666808,0.3333,0.5,0.1667
516,Ti2 V2 Cu2,TRUE,TRUE,-40.08998668 eV,2,2,2,0.45175448000000085,0.07529241333333347,0.3333,0.3333,0.3333
517,Ti1 V2 Cu1,TRUE,TRUE,-29.16736735 eV,1,2,1,0.051106980000003244,0.012776745000000811,0.25,0.5,0.25
518,Ti2 V1 Cu3,FALSE,TRUE,-34.80892118 eV,2,1,3,0.4203744000000036,0.0700624000000006,0.3333,0.1667,0.5
519,Ti2 V3 Cu1,TRUE,TRUE,-45.36012285 eV,2,3,1,0.4940638900000027,0.08234398166666712,0.3333,0.5,0.1667
520,Ti2 V3 Cu1,TRUE,TRUE,-45.33234795 eV,2,3,1,0.521838790000007,0.08697313166666783,0.3333,0.5,0.1667
521,Ti2 V2 Cu2,TRUE,TRUE,-40.24870288 eV,2,2,2,0.2930382800000002,0.04883971333333337,0.3333,0.3333,0.3333
522,Ti2 V2 Cu2,TRUE,TRUE,-40.41759964 eV,2,2,2,0.12414152000000467,0.020690253333334113,0.3333,0.3333,0.3333
523,Ti1 V3 Cu1,TRUE,TRUE,-37.57026246 eV,1,3,1,0.5958156200000029,0.11916312400000058,0.2,0.6,0.2
524,Ti2 V1 Cu2,TRUE,TRUE,-31.12498472 eV,2,1,2,0.4691526900000005,0.0938305380000001,0.4,0.2,0.4
525,Ti1 V2 Cu2,TRUE,TRUE,-33.19955513 eV,1,2,2,-0.3459226299999978,-0.06918452599999955,0.2,0.4,0.4
526,Ti2 V2 Cu2,TRUE,TRUE,-40.40971771 eV,2,2,2,0.13202345000000104,0.022003908333333506,0.3333,0.3333,0.3333
527,Ti2 V2 Cu2,TRUE,TRUE,-40.22458118 eV,2,2,2,0.31715998000000223,0.05285999666666704,0.3333,0.3333,0.3333
528,Ti3 V2 Cu1,TRUE,TRUE,-44.06103587 eV,3,2,1,0.5336557800000032,0.08894263000000054,0.5,0.3333,0.1667
529,Ti1 V3 Cu2,TRUE,TRUE,-41.6396357 eV,1,3,2,0.16160055000000195,0.026933425000000327,0.1667,0.5,0.3333
530,Ti2 V2 Cu2,TRUE,TRUE,-40.40632159 eV,2,2,2,0.13541957000000604,0.02256992833333434,0.3333,0.3333,0.3333
531,Ti4 V1 Cu1,FALSE,TRUE,-43.09980984 eV,4,1,1,0.23538672000000238,0.0392311200000004,0.6667,0.1667,0.1667
532,Ti1 V3 Cu2,TRUE,TRUE,-41.4327438 eV,1,3,2,0.3684924500000042,0.06141540833333403,0.1667,0.5,0.3333
533,Ti2 V2 Cu2,TRUE,TRUE,-40.6339044 eV,2,2,2,-0.0921632399999952,-0.015360539999999201,0.3333,0.3333,0.3333
534,Ti2 V2 Cu2,FALSE,TRUE,-40.36051001 eV,2,2,2,0.18123115000000478,0.030205191666667464,0.3333,0.3333,0.3333
535,Ti1 V1 Cu3,TRUE,TRUE,-27.3325395 eV,1,1,3,0.20864742000000192,0.041729484000000386,0.2,0.2,0.6
536,Ti1 V2 Cu3,TRUE,TRUE,-36.10720574 eV,1,2,3,0.38158493000000426,0.06359748833333405,0.1667,0.3333,0.5
537,Ti1 V2 Cu2,TRUE,TRUE,-32.3802658 eV,1,2,2,0.4733667000000059,0.09467334000000119,0.2,0.4,0.4
538,Ti2 V1 Cu3,TRUE,TRUE,-35.26322272 eV,2,1,3,-0.03392713999999941,-0.005654523333333235,0.3333,0.1667,0.5
539,Ti2 V3 Cu1,TRUE,TRUE,-45.8980683 eV,2,3,1,-0.04388155999999244,-0.007313593333332073,0.3333,0.5,0.1667
540,Ti1 V1 Cu4,TRUE,TRUE,-30.50876439 eV,1,1,4,0.667580700000002,0.11126345000000033,0.1667,0.1667,0.6667
541,Ti3 V2 Cu1,TRUE,TRUE,-44.41854079 eV,3,2,1,0.17615085999999947,0.029358476666666578,0.5,0.3333,0.1667
542,Ti2 V3 Cu1,TRUE,TRUE,-45.77770081 eV,2,3,1,0.07648593000000714,0.01274765500000119,0.3333,0.5,0.1667
543,Ti2 V2 Cu2,TRUE,TRUE,-40.20406094 eV,2,2,2,0.3376802200000055,0.05628003666666759,0.3333,0.3333,0.3333
544,Ti2 V1 Cu3,TRUE,TRUE,-34.96716152 eV,2,1,3,0.2621340600000046,0.04368901000000077,0.3333,0.1667,0.5
545,Ti1 V1 Cu2,FALSE,TRUE,-23.79662866 eV,1,1,2,0.10940009000000206,0.027350022500000515,0.25,0.25,0.5
546,Ti2 V2 Cu2,TRUE,TRUE,-40.1238291 eV,2,2,2,0.4179120600000017,0.06965201000000028,0.3333,0.3333,0.3333
547,Ti1 V1 Cu4,TRUE,TRUE,-30.63666956 eV,1,1,4,0.5396755300000002,0.0899459216666667,0.1667,0.1667,0.6667
548,Ti2 V1 Cu3,TRUE,TRUE,-34.96321793 eV,2,1,3,0.2660776500000033,0.044346275000000546,0.3333,0.1667,0.5
549,Ti2 V2 Cu2,TRUE,TRUE,-40.42966506 eV,2,2,2,0.11207610000000567,0.018679350000000945,0.3333,0.3333,0.3333
550,Ti2 V2 Cu2,TRUE,TRUE,-40.04162063 eV,2,2,2,0.5001205300000064,0.08335342166666775,0.3333,0.3333,0.3333
551,Ti1 V4 Cu1,TRUE,TRUE,-46.83426293 eV,1,4,1,0.27941889999999914,0.04656981666666652,0.1667,0.6667,0.1667
552,Ti1 V1 Cu4,TRUE,TRUE,-30.54833429 eV,1,1,4,0.628010800000002,0.104668466666667,0.1667,0.1667,0.6667
553,Ti2 V1 Cu3,TRUE,TRUE,-35.13766532 eV,2,1,3,0.09163025999999874,0.015271709999999791,0.3333,0.1667,0.5
554,Ti2 V2 Cu2,TRUE,TRUE,-39.89900344 eV,2,2,2,0.6427377200000022,0.1071229533333337,0.3333,0.3333,0.3333
555,Ti4 V1 Cu1,TRUE,TRUE,-43.42894604 eV,4,1,1,-0.09374947999999828,-0.015624913333333046,0.6667,0.1667,0.1667
556,Ti2 V1 Cu2,TRUE,TRUE,-31.25390384 eV,2,1,2,0.34023357000000143,0.06804671400000029,0.4,0.2,0.4
557,Ti1 V2 Cu2,TRUE,TRUE,-32.11864387 eV,1,2,2,0.7349886300000028,0.14699772600000055,0.2,0.4,0.4
558,Ti2 V3 Cu1,TRUE,TRUE,-45.4124432 eV,2,3,1,0.4417435400000076,0.0736239233333346,0.3333,0.5,0.1667
559,Ti3 V1 Cu2,TRUE,TRUE,-39.23840457 eV,3,1,2,0.04384150000000009,0.007306916666666681,0.5,0.1667,0.3333
560,Ti3 V2 Cu1,TRUE,TRUE,-44.83375615 eV,3,2,1,-0.23906449999999824,-0.03984408333333304,0.5,0.3333,0.1667
561,Ti1 V3 Cu2,TRUE,TRUE,-41.23668869 eV,1,3,2,0.5645475600000003,0.09409126000000005,0.1667,0.5,0.3333
562,Ti3 V1 Cu2,FALSE,TRUE,-39.41438532 eV,3,1,2,-0.1321392500000007,-0.02202320833333345,0.5,0.1667,0.3333
563,Ti2 V2 Cu2,TRUE,TRUE,-40.44180967 eV,2,2,2,0.09993149000000567,0.016655248333334278,0.3333,0.3333,0.3333
564,Ti2 V1 Cu3,TRUE,TRUE,-35.33139601 eV,2,1,3,-0.10210042999999658,-0.017016738333332764,0.3333,0.1667,0.5
565,Ti1 V4 Cu1,TRUE,TRUE,-46.83916456 eV,1,4,1,0.27451727000000004,0.04575287833333334,0.1667,0.6667,0.1667
566,Ti1 V2 Cu3,TRUE,TRUE,-35.54713317 eV,1,2,3,0.9416574999999998,0.15694291666666663,0.1667,0.3333,0.5
567,Ti2 V2 Cu2,TRUE,TRUE,-40.30431342 eV,2,2,2,0.23742774000000377,0.039571290000000627,0.3333,0.3333,0.3333
568,Ti2 V1 Cu3,TRUE,TRUE,-35.00539334 eV,2,1,3,0.22390224000000458,0.037317040000000766,0.3333,0.1667,0.5
569,Ti2 V3 Cu1,TRUE,TRUE,-45.17629716 eV,2,3,1,0.6778895800000089,0.11298159666666814,0.3333,0.5,0.1667
570,Ti2 V1 Cu3,TRUE,TRUE,-35.79207941 eV,2,1,3,-0.5627838299999972,-0.09379730499999954,0.3333,0.1667,0.5
571,Ti1 V4 Cu1,TRUE,TRUE,-46.66914777 eV,1,4,1,0.4445340599999983,0.07408900999999972,0.1667,0.6667,0.1667
572,Ti2 V1 Cu2,TRUE,TRUE,-31.1852317 eV,2,1,2,0.40890571000000175,0.08178114200000035,0.4,0.2,0.4
573,Ti2 V2 Cu2,TRUE,TRUE,-40.49621261 eV,2,2,2,0.04552855000000289,0.007588091666667148,0.3333,0.3333,0.3333
574,Ti2 V3 Cu1,TRUE,TRUE,-45.28806278 eV,2,3,1,0.566123960000009,0.09435399333333483,0.3333,0.5,0.1667
575,Ti3 V2 Cu1,TRUE,TRUE,-44.56564512 eV,3,2,1,0.02904653000000179,0.004841088333333632,0.5,0.3333,0.1667
576,Ti2 V1 Cu1,TRUE,TRUE,-27.94875216 eV,2,1,1,0.0102270799999995,0.002556769999999875,0.5,0.25,0.25
577,Ti1 V1 Cu3,TRUE,TRUE,-27.14746226 eV,1,1,3,0.39372466000000017,0.07874493200000003,0.2,0.2,0.6
578,Ti1 V1 Cu3,TRUE,TRUE,-27.51077223 eV,1,1,3,0.030414690000000633,0.006082938000000126,0.2,0.2,0.6
579,Ti2 V1 Cu3,TRUE,TRUE,-35.1897465 eV,2,1,3,0.03954908000000401,0.006591513333334002,0.3333,0.1667,0.5
580,Ti1 V3 Cu2,TRUE,TRUE,-41.3445229 eV,1,3,2,0.45671335000000024,0.0761188916666667,0.1667,0.5,0.3333
581,Ti1 V2 Cu2,TRUE,TRUE,-32.34049503 eV,1,2,2,0.5131374700000029,0.10262749400000057,0.2,0.4,0.4
582,Ti1 V2 Cu3,TRUE,TRUE,-35.81177566 eV,1,2,3,0.6770150099999999,0.11283583499999998,0.1667,0.3333,0.5
583,Ti1 V3 Cu2,TRUE,TRUE,-40.81882543 eV,1,3,2,0.9824108200000046,0.16373513666666742,0.1667,0.5,0.3333
584,Ti4 V1 Cu1,FALSE,TRUE,-43.26007254 eV,4,1,1,0.07512401999999829,0.012520669999999715,0.6667,0.1667,0.1667
585,Ti3 V2 Cu1,TRUE,TRUE,-44.2378304 eV,3,2,1,0.356861250000001,0.05947687500000017,0.5,0.3333,0.1667
586,Ti3 V2 Cu1,TRUE,TRUE,-44.09550275 eV,3,2,1,0.4991888999999996,0.08319814999999993,0.5,0.3333,0.1667
587,Ti2 V2 Cu2,TRUE,TRUE,-40.42244172 eV,2,2,2,0.11929944000000159,0.019883240000000264,0.3333,0.3333,0.3333
588,Ti1 V2 Cu1,TRUE,TRUE,-29.03923064 eV,1,2,1,0.17924369000000295,0.04481092250000074,0.25,0.5,0.25
589,Ti4 V1 Cu1,TRUE,TRUE,-43.15001702 eV,4,1,1,0.18517954000000136,0.030863256666666894,0.6667,0.1667,0.1667
590,Ti1 V4 Cu1,TRUE,TRUE,-46.6627077 eV,1,4,1,0.45097413000000186,0.0751623550000003,0.1667,0.6667,0.1667
591,Ti1 V2 Cu3,FALSE,TRUE,-36.1578997 eV,1,2,3,0.33089097000000045,0.055148495000000075,0.1667,0.3333,0.5
592,Ti3 V2 Cu1,TRUE,TRUE,-44.55910755 eV,3,2,1,0.035584100000000785,0.005930683333333464,0.5,0.3333,0.1667
593,Ti1 V2 Cu3,TRUE,TRUE,-36.26610269 eV,1,2,3,0.22268798000000523,0.03711466333333421,0.1667,0.3333,0.5
594,Ti1 V1 Cu2,TRUE,TRUE,-23.04472242 eV,1,1,2,0.8613063300000023,0.21532658250000059,0.25,0.25,0.5
595,Ti3 V1 Cu2,TRUE,TRUE,-39.03945832 eV,3,1,2,0.24278774999999886,0.04046462499999981,0.5,0.1667,0.3333
596,Ti2 V1 Cu3,TRUE,TRUE,-34.87587218 eV,2,1,3,0.3534234000000005,0.058903900000000085,0.3333,0.1667,0.5
597,Ti2 V2 Cu2,TRUE,TRUE,-40.35816624 eV,2,2,2,0.18357492000000075,0.030595820000000124,0.3333,0.3333,0.3333
598,Ti2 V2 Cu2,TRUE,TRUE,-41.30884793 eV,2,2,2,-0.7671067699999954,-0.12785112833333256,0.3333,0.3333,0.3333
599,Ti4 V1 Cu1,FALSE,TRUE,-43.16414981 eV,4,1,1,0.17104675000000347,0.028507791666667243,0.6667,0.1667,0.1667
600,Ti2 V1 Cu3,FALSE,TRUE,-35.07763904 eV,2,1,3,0.15165654000000117,0.025276090000000195,0.3333,0.1667,0.5
601,Ti3 V1 Cu2,TRUE,TRUE,-39.4918677 eV,3,1,2,-0.20962163,-0.034936938333333334,0.5,0.1667,0.3333
602,Ti1 V2 Cu3,TRUE,TRUE,-35.3834342 eV,1,2,3,1.1053564699999985,0.18422607833333307,0.1667,0.3333,0.5
603,Ti1 V4 Cu1,TRUE,TRUE,-46.82311123 eV,1,4,1,0.29057059999999835,0.048428433333333055,0.1667,0.6667,0.1667
604,Ti3 V1 Cu1,TRUE,TRUE,-35.30357894 eV,3,1,1,0.343508959999999,0.06870179199999979,0.6,0.2,0.2
605,Ti2 V3 Cu1,TRUE,TRUE,-45.65333238 eV,2,3,1,0.20085436000000412,0.03347572666666735,0.3333,0.5,0.1667
606,Ti2 V3 Cu1,TRUE,TRUE,-45.5487073 eV,2,3,1,0.3054794400000094,0.05091324000000156,0.3333,0.5,0.1667
607,Ti2 V2 Cu2,TRUE,TRUE,-40.23156859 eV,2,2,2,0.31017257000000154,0.05169542833333359,0.3333,0.3333,0.3333
608,Ti2 V2 Cu2,TRUE,TRUE,-39.58541178 eV,2,2,2,0.9563293800000023,0.15938823000000038,0.3333,0.3333,0.3333
609,Ti1 V4 Cu1,TRUE,TRUE,-46.9688596 eV,1,4,1,0.1448222299999986,0.0241370383333331,0.1667,0.6667,0.1667
610,Ti1 V1 Cu4,TRUE,TRUE,-30.60086418 eV,1,1,4,0.5754809100000031,0.09591348500000052,0.1667,0.1667,0.6667
611,Ti4 V1 Cu1,TRUE,TRUE,-43.57712009 eV,4,1,1,-0.24192352999999978,-0.040320588333333296,0.6667,0.1667,0.1667
612,Ti1 V3 Cu1,TRUE,TRUE,-37.82791168 eV,1,3,1,0.3381664000000053,0.06763328000000106,0.2,0.6,0.2
613,Ti1 V4 Cu1,TRUE,TRUE,-46.79585703 eV,1,4,1,0.3178247999999999,0.052970799999999985,0.1667,0.6667,0.1667
614,Ti3 V1 Cu2,FALSE,TRUE,-39.40307711 eV,3,1,2,-0.12083103999999789,-0.020138506666666316,0.5,0.1667,0.3333
615,Ti1 V2 Cu1,TRUE,TRUE,-28.64980978 eV,1,2,1,0.5686645500000043,0.14216613750000107,0.25,0.5,0.25
616,Ti1 V3 Cu2,TRUE,TRUE,-41.16486712 eV,1,3,2,0.6363691300000047,0.10606152166666745,0.1667,0.5,0.3333
617,Ti3 V1 Cu2,TRUE,TRUE,-39.24454515 eV,3,1,2,0.037700919999999805,0.006283486666666634,0.5,0.1667,0.3333
618,Ti1 V2 Cu3,FALSE,TRUE,-36.15276214 eV,1,2,3,0.3360285300000019,0.056004755000000316,0.1667,0.3333,0.5
619,Ti4 V1 Cu1,TRUE,TRUE,-43.35971785 eV,4,1,1,-0.02452129000000136,-0.004086881666666893,0.6667,0.1667,0.1667
620,Ti3 V2 Cu1,TRUE,TRUE,-44.22632585 eV,3,2,1,0.36836579999999897,0.061394299999999825,0.5,0.3333,0.1667
621,Ti4 V1 Cu1,TRUE,TRUE,-43.4679093 eV,4,1,1,-0.132712740000001,-0.022118790000000166,0.6667,0.1667,0.1667
622,Ti2 V2 Cu2,TRUE,TRUE,-39.59596698 eV,2,2,2,0.9457741800000035,0.1576290300000006,0.3333,0.3333,0.3333
623,Ti2 V2 Cu1,TRUE,TRUE,-36.98914985 eV,2,2,1,-0.08256685999999336,-0.016513371999998673,0.4,0.4,0.2
624,Ti1 V1 Cu4,TRUE,TRUE,-30.79489044 eV,1,1,4,0.381454650000002,0.06357577500000033,0.1667,0.1667,0.6667
625,Ti3 V2 Cu1,TRUE,TRUE,-44.25100457 eV,3,2,1,0.3436870800000018,0.0572811800000003,0.5,0.3333,0.1667
626,Ti1 V4 Cu1,TRUE,TRUE,-46.81375778 eV,1,4,1,0.29992404999999733,0.04998734166666622,0.1667,0.6667,0.1667
627,Ti3 V1 Cu2,TRUE,TRUE,-39.14512233 eV,3,1,2,0.13712374000000072,0.022853956666666786,0.5,0.1667,0.3333
628,Ti3 V2 Cu1,TRUE,TRUE,-44.07089073 eV,3,2,1,0.5238009199999989,0.08730015333333314,0.5,0.3333,0.1667
629,Ti2 V2 Cu1,TRUE,TRUE,-36.53119325 eV,2,2,1,0.37538974000000236,0.07507794800000048,0.4,0.4,0.2
630,Ti1 V1 Cu3,TRUE,TRUE,-27.11806183 eV,1,1,3,0.42312509000000276,0.08462501800000055,0.2,0.2,0.6
631,Ti2 V3 Cu1,TRUE,TRUE,-45.16003283 eV,2,3,1,0.6941539100000074,0.11569231833333456,0.3333,0.5,0.1667
632,Ti3 V2 Cu1,TRUE,TRUE,-45.06216228 eV,3,2,1,-0.46747063000000155,-0.07791177166666692,0.5,0.3333,0.1667
633,Ti3 V1 Cu2,TRUE,TRUE,-39.33992014 eV,3,1,2,-0.05767406999999647,-0.009612344999999411,0.5,0.1667,0.3333
634,Ti3 V2 Cu1,TRUE,TRUE,-44.25771874 eV,3,2,1,0.3369729099999996,0.056162151666666604,0.5,0.3333,0.1667
635,Ti1 V2 Cu3,TRUE,TRUE,-36.10545409 eV,1,2,3,0.3833365799999999,0.06388942999999998,0.1667,0.3333,0.5
636,Ti3 V1 Cu2,TRUE,TRUE,-38.91335418 eV,3,1,2,0.36889189000000133,0.061481981666666886,0.5,0.1667,0.3333
637,Ti2 V2 Cu2,FALSE,TRUE,-40.42227955 eV,2,2,2,0.11946161000000455,0.01991026833333409,0.3333,0.3333,0.3333
638,Ti1 V3 Cu2,TRUE,TRUE,-41.54317516 eV,1,3,2,0.25806109000000443,0.0430101816666674,0.1667,0.5,0.3333
639,Ti2 V1 Cu3,TRUE,TRUE,-35.21246692 eV,2,1,3,0.016828660000005158,0.0028047766666675264,0.3333,0.1667,0.5
640,Ti2 V3 Cu1,TRUE,TRUE,-44.93685406 eV,2,3,1,0.9173326800000043,0.15288878000000072,0.3333,0.5,0.1667
641,Ti1 V2 Cu2,TRUE,TRUE,-32.40766869 eV,1,2,2,0.4459638100000012,0.08919276200000023,0.2,0.4,0.4
642,Ti1 V2 Cu2,TRUE,TRUE,-31.9799769 eV,1,2,2,0.873655600000002,0.1747311200000004,0.2,0.4,0.4
643,Ti1 V4 Cu1,TRUE,TRUE,-47.13839054 eV,1,4,1,-0.024708710000002743,-0.004118118333333791,0.1667,0.6667,0.1667
644,Ti2 V1 Cu3,FALSE,TRUE,-34.83360862 eV,2,1,3,0.3956869600000026,0.0659478266666671,0.3333,0.1667,0.5
645,Ti3 V1 Cu1,TRUE,TRUE,-35.43145451 eV,3,1,1,0.21563338999999848,0.043126677999999696,0.6,0.2,0.2
646,Ti1 V3 Cu2,TRUE,TRUE,-41.11139772 eV,1,3,2,0.6898385300000021,0.11497308833333368,0.1667,0.5,0.3333
647,Ti1 V2 Cu3,FALSE,TRUE,-36.12916028 eV,1,2,3,0.3596303900000013,0.05993839833333355,0.1667,0.3333,0.5
648,Ti4 V1 Cu1,TRUE,TRUE,-43.22065181 eV,4,1,1,0.11454475000000164,0.01909079166666694,0.6667,0.1667,0.1667
649,Ti1 V2 Cu3,FALSE,TRUE,-35.78271946 eV,1,2,3,0.7060712099999993,0.11767853499999988,0.1667,0.3333,0.5
650,Ti2 V2 Cu2,TRUE,TRUE,-39.4592579 eV,2,2,2,1.0824832600000063,0.18041387666666772,0.3333,0.3333,0.3333
651,Ti1 V2 Cu2,TRUE,TRUE,-32.13998934 eV,1,2,2,0.7136431600000028,0.14272863200000058,0.2,0.4,0.4
652,Ti1 V1 Cu4,TRUE,TRUE,-30.94276743 eV,1,1,4,0.23357766000000169,0.03892961000000028,0.1667,0.1667,0.6667
653,Ti1 V2 Cu3,FALSE,TRUE,-35.60264922 eV,1,2,3,0.8861414499999984,0.14769024166666642,0.1667,0.3333,0.5
654,Ti2 V3 Cu1,TRUE,TRUE,-45.66131851 eV,2,3,1,0.19286823000000508,0.03214470500000085,0.3333,0.5,0.1667
655,Ti1 V2 Cu3,TRUE,TRUE,-36.15363569 eV,1,2,3,0.33515498000000044,0.055859163333333406,0.1667,0.3333,0.5
656,Ti2 V2 Cu1,TRUE,TRUE,-36.74167455 eV,2,2,1,0.16490844000000449,0.0329816880000009,0.4,0.4,0.2
657,Ti3 V2 Cu1,TRUE,TRUE,-44.46006827 eV,3,2,1,0.1346233800000003,0.022437230000000048,0.5,0.3333,0.1667
658,Ti2 V2 Cu2,TRUE,TRUE,-40.53101049 eV,2,2,2,0.010730670000003606,0.001788445000000601,0.3333,0.3333,0.3333
659,Ti3 V2 Cu1,TRUE,TRUE,-44.67696932 eV,3,2,1,-0.08227766999999675,-0.013712944999999458,0.5,0.3333,0.1667
660,Ti3 V1 Cu2,TRUE,TRUE,-38.74404076 eV,3,1,2,0.538205310000003,0.08970088500000051,0.5,0.1667,0.3333
661,Ti1 V3 Cu2,TRUE,TRUE,-41.32362183 eV,1,3,2,0.477614420000001,0.0796024033333335,0.1667,0.5,0.3333
662,Ti1 V2 Cu2,TRUE,TRUE,-31.95042307 eV,1,2,2,0.9032094300000031,0.1806418860000006,0.2,0.4,0.4
663,Ti2 V3 Cu1,TRUE,TRUE,-45.65610569 eV,2,3,1,0.1980810500000092,0.033013508333334864,0.3333,0.5,0.1667
664,Ti1 V3 Cu2,TRUE,TRUE,-41.69873732 eV,1,3,2,0.1024989300000021,0.01708315500000035,0.1667,0.5,0.3333
665,Ti4 V1 Cu1,TRUE,TRUE,-43.58808249 eV,4,1,1,-0.2528859299999966,-0.04214765499999943,0.6667,0.1667,0.1667
666,Ti1 V3 Cu2,TRUE,TRUE,-41.70174933 eV,1,3,2,0.09948692000000303,0.016581153333333837,0.1667,0.5,0.3333
667,Ti3 V1 Cu2,TRUE,TRUE,-39.4911166 eV,3,1,2,-0.20887052999999778,-0.03481175499999963,0.5,0.1667,0.3333
668,Ti3 V1 Cu2,FALSE,TRUE,-38.97970996 eV,3,1,2,0.30253610999999925,0.05042268499999988,0.5,0.1667,0.3333
669,Ti1 V3 Cu2,TRUE,TRUE,-41.69728454 eV,1,3,2,0.10395171000000314,0.017325285000000523,0.1667,0.5,0.3333
670,Ti2 V1 Cu3,TRUE,TRUE,-35.49351889 eV,2,1,3,-0.2642233099999949,-0.04403721833333248,0.3333,0.1667,0.5
671,Ti3 V1 Cu2,TRUE,TRUE,-39.33747507 eV,3,1,2,-0.0552290000000033,-0.009204833333333884,0.5,0.1667,0.3333
672,Ti2 V1 Cu3,TRUE,TRUE,-35.21263341 eV,2,1,3,0.01666217000000003,0.0027770283333333388,0.3333,0.1667,0.5
